1hZ13x9jzNpcSXd6hWtqsw,100 (feat. Drake),The Game,108.036,Rap
6KIKRz9eSTXdNsGUnomdtW,Straight Outta Compton,N.W.A.,102.866,Rap
2qOm7ukLyHUXWyR4ZWLwxA,It Was A Good Day,Ice Cube,82.384,Rap
33ZXjLCpiINn8eQIDYEPTD,"Shook Ones, Pt. II",Mobb Deep,93.857,Rap
7G3lxTsMfSx4yarMkfgnTC,The World Is Yours,Nas,87.374,Rap
3hQCHzkE5oSA3F1xM8bpcM,Hustlin',Rick Ross,135.995,Rap
4WxQGUmWBRNovxlF2g8Xdv,The Humpty Dance,Digital Underground,103.508,Rap
3ABG1UQTk0eLYUAeWkmfMi,Shimmy Shimmy Ya,Ol' Dirty Bastard,96.252,Rap
3Yxmpx64AdWAzG3qAD4Dty,It Takes Two,Rob Base,111.686,Rap
6MszGZxe52sc4owTmjp0O9,Hip Hop Hooray,Naughty By Nature,99.2,Rap
1heUTaryu6xDcGk7NJLVnF,Real Muthaphuckkin G's,Eazy-E,170.444,Rap
4IYKjN1DrYzxKXt0umJqsG,I Got 5 On It - Feat. Michael Marshall,Luniz,173.926,Rap
1LM6EReMkAxuDXDF26ekl2,Get By,Talib Kweli,90.202,Rap
3p1oRfbN2RrDdSyG8S7itI,"The Gangsta, The Killa And The Dope Dealer",Westside Connection,92.929,Rap
3Y6XWs8xMlCngyIxNOFnsp,Sound of da Police,KRS-One,94.984,Rap
0kspjcYtht8TxQAYWceyHI,Phone Tap,AZ,178.809,Rap
0LyZGZEZcFqpeF8bAfx3v0,Move Bitch,Disturbing Tha Peace,177.685,Rap
6JI5wNWYdBw68GZjOMmgK5,Put It On,Big L,179.817,Rap
2HaMsIYFmZkKkUn1NTFPgL,I Like It (I Wanna Be Where You Are),Grand Puba,95.307,Rap
30oTS7bm0aH3p7lqjEIu8q,Full Clip,Gang Starr,95.224,Rap
0jOXmNowR2j1hVpZMqnz9P,Gone Till November,Wyclef Jean,85.926,Rap
34MRi5GRWHFUa731JBxFEl,Chief Rocka,Lords Of The Underground,99.988,Rap
2MNQMtZbOb7rBWli3TSok0,Bad Boyz (feat. Barrington Levy),Shyne,83.84,Rap
1KONmY3enP3r3nIPQidWAy,Now That We Found Love,Heavy D & The Boyz,119.949,Rap
5kDkWHFx0AEvJ1Pfm2i0ac,What We Do,Freeway,188.84,Rap
7aSnPAggMMgElb6BgXeSEw,Worst Comes To Worst,Dilated Peoples,92.042,Rap
58jV4YBV2WpCb00gJfht9a,Down Bottom,Ruff Ryders,144.587,Rap
26q6YTrXt9l8qshIveiTX9,Rebirth of Slick (Cool Like Dat),Digable Planets,98.315,Rap
2V7AdTnCBbzhJEviEOKW44,The Grind Date,De La Soul,88.503,Rap
0dNiLb9FEHrRK7VFDJctiR,Ain't No Half-Steppin',Big Daddy Kane,100.842,Rap
4Cg05r39aFjzN1UN9jTK4O,Ruthless For Life,MC Ren,94.978,Rap
7tx1TUJrT6qxXFXAELqbev,Thieves In The Night,Black Star,92.147,Rap
1iVdwLsbPsKnqUoZOWlEqv,Cold Rock A Party,MC Lyte,92.91,Rap
3Dh10QBwBWVQAMJNNhLRq4,You Never Knew,Hieroglyphics,92.127,Rap
0YF8nmOpGYqzgCEkKNJp6m,The Symphony,Marley Marl,94.689,Rap
3HCzj965m8Fz2E8wZkir6q,They Want EFX,Das EFX,98.454,Rap
1RPhSs2lDYKjDsELKtPvQd,Get Your Walk On,Xzibit,97.855,Rap
4jCio4LNO1eZbl09ed4ZFn,Knock Yourself Out,Jadakiss,92.04,Rap
7CMww2nlc2THVjJeLOYBrk,Colors - 2014 Remastered Version,Ice-T,93.532,Rap
287tdUcso07UAu5jxXB2BQ,Afro Puffs,The Lady Of Rage,91.35,Rap
56hvN4r1qI7kDW9cw1lVov,Hay,Crucial Conflict,139.929,Rap
6sWZn6kTuTrBkbOEQFoB3a,Watch Out Now,The Beatnuts,100.414,Rap
024Q1MI4uaYHF6j2Q2ZYgF,Overnight Celebrity,Twista,134.199,Rap
1aaoIHFT9UqhlaEwLAhh00,Tennessee,Arrested Development,99.883,Rap
2CCoMFhrtBxSii1zR67BNm,Put It In Your Mouth,Akinyele,81.4,Rap
5eV0XIpuWFS8H7OYDDxA4E,If You Must,Del The Funky Homosapien,96.882,Rap
3Thl6niewJ6rZywbQsEwnu,The Format,AZ,96.473,Rap
21NjJTcNunF76v4Mwoy4dd,My Favorite Mutiny,The Coup,104.585,Rap
4uIKHABS2ixy0AW0Y31rj4,Regulate,Warren G,95.269,Rap
2GLmjAMVDysGdJLZAjN10S,Hip 2 Da Game,Lord Finesse,90.169,Rap
6cqWzv5GUsyc1tbaHI1jBE,Slow Down,Brand Nubian,95.879,Rap
25r4UlV3tgDm2THEADmVz2,Get It Girl,2 LIVE CREW,124.556,Rap
4usfXMswVpCtsSfJwl6LjH,Looking At The Front Door,Main Source,105.382,Rap
4zWvp5fQWgsTsdO342A8u6,Everything Is Shady,Ca$his,77.997,Rap
68pgtNvIe49eLX42BeQDq6,Good Girls,Obie Trice,130.019,Rap
0kwEd6jE1h7mlN3AQvviXd,Invincible,Capone-N-Noreaga,96.704,Rap
1Ph319lXv5TXOcRX3RqtYX,Me Or The Papes,Jeru The Damaja,169.748,Rap
545cKgvj9c85Umv1FHG6l2,Boom Bye Yeah,Sean Price,94.249,Rap
503dZSjOaSiYxAvYjj0yQ1,Breathe,Fabolous,82.99,Rap
6bPUIXPRpbfsYvOA8VRjty,Nightmares,Dana Dane,95.467,Rap
74RgttZ78DSIF26veMyvs0,Pop Goes The Weasel,3rd Bass,100.088,Rap
4v193RqG4FcQYh2QTV5ger,Everyday,G. Dep,173.083,Rap
4PYFAXM5rz4jBYVOJHXaj5,Million Bucks [feat. Swizz Beatz],Maino,97.587,Rap
5NnmuPkg1l9QVznfltnuYe,Special Education - feat. Janelle Monáe,Goodie Mob,81.566,Rap
5EWWCzpA6D8UTRbVQbScp6,Drama Setter,Tony Yayo,160.009,Rap
2t8tS2m4ay8trF9rh28oLg,Principal's Office,Young MC,95.499,Rap
3VwuFBFAWLOsGKwSUBCgSA,Talkin' All That Jazz,Stetsasonic,107.908,Rap
3vXpmaiXorC1xGS67z143D,Wrong Side Of Da Tracks,Artifacts,88.308,Rap
4f3xyi9yD2bcRYIhanZjCW,Wrekonize,Smif-N-Wessun,89.559,Rap
3SeO9V4JXZ0x897HhQyYRH,"Beamer, Benz or Bentley",Evil Empire,106.706,Rap
3p609TLgKDG015XgHD4vFp,A Little Samba,Ugly Duckling,205.66,Rap
72vhmzioLB9DtiUkRSr39J,Muzik,Knoc-Turn'al,85.081,Rap
176BcDBwvxBz7BEBwiBqzf,Thuggin',Glasses Malone,84.366,Rap
2PiVwGnCTMwHsegAbdGt9b,Whirlwind Pyramid,The D.O.C.,113.793,Rap
6IkKUAda9Uq7827Y8TtnF9,Funkin' Lesson,X-Clan,113.246,Rap
1wIlvuohCVMB85JX1Oz9yh,Release Yo' Delf,Method Man,97.823,Rap
4YNp7tiPGpUFslLLZQIEYl,"Kick, Push",Lupe Fiasco,94.78,Rap
7I6K2FUUTVOpOucs58uH07,P.S.K. 'What Does It Mean'?,Schoolly D,98.794,Rap
3AhHGuTJmJuZSDdbpGnjxO,Blow Your Mind,Redman,96.026,Rap
5FLpPX4YlTNKyzWIDENHTL,Poppa Large,Kool Keith,109.835,Rap
00ovV8FIZewk6NmLd8kZhi,Feel So Good,Mase,105.144,Rap
1vjSc13n9xGrQo364x2z0W,It's A Shame,Kool G Rap,82.44,Rap
1RrCknoVdiwkHJap1aXDGZ,Leanin' On Slick,Aceyalone,104.436,Rap
0shIrYpCMWM0721jBuT7iV,My Part of Town,Tuff Crew,113.993,Rap
54kvkcfcpEznIA8IWm2m4i,Broken Language,Smoothe Da Hustler,83.631,Rap
2XEDvwzY9TymhYPqi2y0GL,Only When I'm Drunk,Tha Alkaholiks,104.044,Rap
6AADLs0VLg4GtB5GvCEmtL,Pain I Feel,Blahzay Blahzay,95.106,Rap
6IKGlNbdjt26qEyTw2SbA4,Virginia,Clipse,159.709,Rap
6uoy6vKdpbexdiBn1pGkni,Man Up,Sticky Fingaz,93.966,Rap
1ZakKrElcn3PVOYOKlNz4z,Winds Of Change,EMC,91.966,Rap
5CIVNUDbFU4Zh7fshfwi0i,Get'chu Twisted,Krayzie Bone,148.039,Rap
154o1htY1O9OJBt1gJfrfY,No Return,Canibus,86.977,Rap
5CHE7mYgYscl6XsveE2rRv,Breathe and Stop,Q-Tip,98.766,Rap
2FIktJkC7jkgayrFPeegiU,Clap Ya Hands (I Feel Good),Pete Rock,98.031,Rap
6dAffqfVEYUmntU7K9QtlA,If I Ruled The World,Kurtis Blow,96.236,Rap
0NTG85195VNMVX8I6CAd53,"Brothers Keeper (featuring Royce da 5'9"" / Joe Budden / Crooked I)",Joell Ortiz,171.689,Rap
08xbDhHq0jiIoZEGZ1tTJm,Music - feat. Marvin Gaye,Erick Sermon,100.059,Rap
0HMA36sliVQYXhz3K9yxnZ,Looking for a Lady (feat. Blake C),Lil' Cease,93.664,Rap
5zIknO1gZm3oo4kjtvrYWX,On the Road Again,Audio Two,110.28,Rap
2MMWoTkPWCnLa1BGtWR3nJ,Rumble,U-God,95.23,Rap
4MhTFsyqIJnjsOweVcU8ug,Sweet Child O' Mine,Guns N' Roses,125.148,Rock
57bgtoPSgt236HzfBOd8kj,Thunderstruck,AC/DC,133.519,Rock
4aVuWgvD0X63hcOCnZtNFA,Hold the Line,Toto,95.842,Rock
40riOy7x9W7GXjyGp4pjAv,Hotel California,Eagles,147.125,Rock
2aoo2jlRnM3A0NyLQqMN2f,All Along the Watchtower,Jimi Hendrix,113.253,Rock
42et6fnHCw1HIPSrdPprMl,Semi-Charmed Life,Third Eye Blind,102.026,Rock
2PfBSkCKZDXMsJogMT0wML,Jump,Van Halen,130.138,Rock
4BP3uh0hFLFRb5cjsgLqDh,Fortunate Son,Creedence Clearwater Revival,132.755,Rock
3qiyyUfYe7CRYLucrPmulD,Baba O'Riley,The Who,117.312,Rock
48UPSzbZjgc449aqz8bxox,Californication,Red Hot Chili Peppers,96.483,Rock
6ToM0uwxtPKo9CMpbPGYvM,Break On Through (To The Other Side),The Doors,89.839,Rock
3YuaBvuZqcwN3CEAyyoaei,Like a Stone,Audioslave,107.849,Rock
45Ia1U4KtIjAPPU7Wv1Sea,Are You Gonna Go My Way,Lenny Kravitz,129.267,Rock
4IU1RL4BKvFyXtbTwaHAvW,Ventura Highway,America,130.771,Rock
4gvea7UlDkAvsJBPZAd4oB,The Boys Of Summer,Don Henley,176.894,Rock
1HOMkjp0nHMaTnfAkslCQj,My Sharona,The Knack,147.245,Rock
3jJZVeExYzVYiV6Y9Fl3DX,Plush,Stone Temple Pilots,144.553,Rock
1tL40tfdtUaSLek4DvDDr3,Hate Me,Blue October,92.166,Rock
2WeSz9FLWE9RRIFDWtD5nc,The Trooper,Iron Maiden,162.307,Rock
2V4Bc2I962j7acQj1N0PiQ,Celebrity Skin,Hole,134.198,Rock
2id8E4WvczfKHB4LHI7Np3,Edge of Seventeen,Stevie Nicks,111.353,Rock
4nXkbcTj3nyww1cHkw5RAP,Long Train Runnin',The Doobie Brothers,117.283,Rock
1xOXXYh6lTW8laxlW7JP2J,Only the Good Die Young,Billy Joel,76.214,Rock
3ovjw5HZZv43SxTwApooCM,Wind Of Change,Scorpions,75.766,Rock
2ccUQnjjNWT0rsNnsBpsCA,Surrender,Cheap Trick,133.849,Rock
0W7AbEauB7cP4pidLclApe,Hunger Strike,Temple Of The Dog,137.793,Rock
5xC8uOesnn0udeXAYlAnoY,Alright,Supergrass,145.92,Rock
7cdnq45E9aP2XDStHg5vd7,Cherry Bomb,The Runaways,136.814,Rock
5KDNFlHAdDJ84fhK27c35X,Judith,A Perfect Circle,82.305,Rock
1I7zHEdDx8Ny5RxzYPqsU2,Reelin' In The Years,Steely Dan,135.437,Rock
2PoIKrT2WSEvJlJjlO6eKY,Is This Love,Whitesnake,180.29,Rock
5XcZRgJv3zMhTqCyESjQrF,Poison,Alice Cooper,118.668,Rock
3ntrdR24dLkKrzSGRv1FlH,Stand By Me - 2010 - Remaster,John Lennon,104.996,Rock
0YkbYk24ODhuewb79zZZzM,You Wreck Me,Tom Petty,164.491,Rock
6u1yKoh00WaoSpNp46RzKF,Cumbersome,Seven Mary Three,80.923,Rock
6iX1f3r7oUJnMbGgQ2gx1j,867-5309 / Jenny,Tommy Tutone,137.657,Rock
5B6Z7NwVqA7W3UFiqBdEJC,Round and Round,Ratt,126.535,Rock
74yxx7JQEElkvjkJCwvt2M,Ready To Die,Andrew W.K.,187.22,Rock
3mhOmh4tRKsMfnRmgZfeBm,Far Behind,Candlebox,89.518,Rock
1MqGKtY9L5qjPi8s7gX645,I Can't Drive 55,Sammy Hagar,133.763,Rock
4rAnSE0E0f33unxXsQa5Fr,Lunatic Fringe,Red Rider,97.53,Rock
5tBnCBnTlDQQRdlqHe9qXq,Lucky Man,The Verve,75.97,Rock
1yJWqYYDQge60nZKdLyiZU,When I Look into Your Eyes,Firehouse,146.821,Rock
5y4761pjcksXs1hNsCmc4n,Sunshine Of Your Love,Cream,115.101,Rock
5WyuRWUcOOhAic0tj9Pl28,Satellite of Love,Lou Reed,121.861,Rock
0GyJA0Yn0CcqvHKzeKaVhw,Fire Woman,The Cult,132.007,Rock
3Nf8oGn1okobzjDcFCvT6n,I'll Stand By You,Pretenders,133.822,Rock
0B1zVsLqmV9ibIFdNS5tGs,I Saw The Light,Todd Rundgren,119.884,Rock
7fLTytvnvxy653VWxflTRf,Stay With Me,Faces,91.067,Rock
3z5ggGtcs4t8pizW521gW9,Pretend We're Dead,L7,115.151,Rock
2ZS0wDcdfrJPC86u5aJGo9,Seventeen,Winger,95.98,Rock
4ti5I6Wxmj8CNpAxVHKohx,Tyler,Toadies,183.258,Rock
7aPJPm0yFfRrTuBw05qVE3,New Fang,Them Crooked Vultures,189.898,Rock
3oqBOAsqRMKUHc8MGx4o72,Death,White Lies,135.147,Rock
2mEk0VdrbDJ11DBC6Y92mh,Edge Of A Broken Heart,Vixen,126.079,Rock
4ZpXHlV2vQVfPXUvbDSZ92,I Remember You,Skid Row,88.158,Rock
4dOXc4Suk5eig0jiCqCN5Y,Love Remains The Same,Gavin Rossdale,149.258,Rock
3WBPiogtVDBSXK7uOpxJ6m,The Bitter End,Placebo,186.253,Rock
20aASiwfsbiLlaJxLiC0PQ,Radar Love,Golden Earring,102.445,Rock
3F3n2V9XBrtb1omqLfcNPe,Love Is on the Way,Saigon Kick,129.323,Rock
0mb6y9FwHzTOw20lPIKmj1,"Lawyers, Guns And Money",Warren Zevon,94.478,Rock
6q5vdf6Mfkk0eETYzmgokj,Armed And Ready - 2008 Remastered Version,Michael Schenker Group,171.59,Rock
0R5nPSbAqQoNjKBByWnN95,Highway Song,Blackfoot,127.102,Rock
1DkQMumDKBy6wj8QyaVGbx,There's No Way Out of Here,David Gilmour,130.887,Rock
74inHQGjQj6w630tZ9wb2J,Live To Win,Paul Stanley,127.147,Rock
7b4yGtR0rujvLi5EBfKKJ2,Take Me Home Tonight,Eddie Money,132.699,Rock
4Qievb8Mqy0qxdLNVl02zt,Been Caught Stealing,Jane's Addiction,103.758,Rock
2ls7Y9Xx07TqN7WjbT9sZD,Rock The Nation,Montrose,137.581,Rock
63IItP7504rQwYgZqmsznL,Wait,White Lion,142.003,Rock
3DwzYRgOgojl0EcdOaJLYr,Tahitian Moon,Porno for Pyros,137.439,Rock
2wzTHuw8nhFSXUU27x0PFa,There Goes The Fear,Doves,109.997,Rock
5ZY7Gug850kv4heJcWZGHM,Just Like Paradise,David Lee Roth,135.558,Rock
1VMqkvlOqaH0HP0nsj1bx5,Coming Of Age,Damn Yankees,125.884,Rock
6V1bLBjSgfpRfzYHiWvg3B,Blinded By The Light,Manfred Mann's Earth Band,142.18,Rock
6WCeKlgDg5zzOY1OvMA3q9,Tell Me What You Want,Zebra,132.969,Rock
2gBq12zOMMa5ZAl9zFMjfK,The Confessor,Joe Walsh,68.139,Rock
3sswspym5LLTgZTOS6FIsq,Cum On Feel The Noize,Quiet Riot,144.956,Rock
1grnSNpTAe14gjtqfArZan,New Girl Now,Honeymoon Suite,109.184,Rock
2U4FtN8jDqDKSzGpVC1iLf,Poppies,Marcy Playground,182.429,Rock
2Wtm3yc0paBifvBSjOhO3b,Smells Like Teen Spirit,Nirvana,116.815,Rock
58jMdhU11g7JdvrBSlaIk2,Up Around the Bend,Hanoi Rocks,140.098,Rock
56Zm2mXUv5UJgybEqATQ2t,Big Sur,The Thrills,130.054,Rock
7IsvrGImSeT0FxwFWXCmAh,SOS,Fozzy,122.841,Rock
57trQKFZdJxHia4sMJioWk,Sister Christian,Night Ranger,177.356,Rock
4eTOyWkfoZP2vHT6jCfOcS,Cryin',Joe Satriani,150.943,Rock
5DxvM7QB0Qha4CksRkVHjK,Wide Open Space,Mansun,103.71,Rock
4JhoU9DZkWsvzZPFYGdEBn,Losin' Your Mind,Pride & Glory,149.693,Rock
3EYXvt1NMI5haUPCOrAskP,I'd Love To Change The World,Ten Years After,118.854,Rock
0JnM3WYohTv0nxRYBWwYHR,Centerfold,The J. Geils Band,114.291,Rock
0IZdiAk1gNE12prykx0VLr,Vicious Traditions,The Veils,121.001,Rock
46E4di5YoT3Ab5bheoiEId,Never Been Any Reason,Head East,134.844,Rock
35k31HZI4z9PbBOioaI4dZ,Working for the Weekend,Loverboy,146.911,Rock
3ZfTPmrFV76TmWknZHR9Jx,Paper Scratcher,Blind Melon,109.651,Rock
3lN8PP6R2IxbLP05QpYXng,Born To Be Wild,Steppenwolf,145.942,Rock
7sUpVLD1DqzRJpecKg9z3c,Keep Your Hands To Yourself,The Georgia Satellites,114.975,Rock
0UhSh2zoHgh51gQEajHTl1,Agnes,Donnie Iris,156.215,Rock
1TLee4TFVQQPJHNp2Bk7am,Different Angle,The Cribs,124.092,Rock
5DRUgJmwLvCHQjiFzb4LSQ,I Don't Know Anything,Mad Season,177.051,Rock
7G7bw6c7zjy1IMjwRysR3z,Laid,James,116.079,Rock
5ahW7OJaitgRkYvGHCG58A,Rockin' Is Ma Business,The Four Horsemen,123.741,Rock
02M6vucOvmRfMxTXDUwRXu,7/11,Beyoncé,136.024,Pop
0NTMtAO2BV4tnGvw9EgBVq,Bitch Better Have My Money,Rihanna,102.95,Pop
7vFv0yFGMJW3qVXbAd9BK9,Your Body Is a Wonderland,John Mayer,94.01,Pop
6YUTL4dYpB9xZO5qExPf05,Summer,Calvin Harris,127.949,Pop
4DvhkX2ic4zWkQeWMwQ2qf,Like A G6,Far East Movement,165.29,Pop
6Uy6K3KdmUdAfelUp0SeXn,Brave,Sara Bareilles,185.063,Pop
4JaLkM90MJutDAl5jD9BZX,No Control,One Direction,142.984,Pop
0mUyMawtxj1CJ76kn9gIZK,Bad Day,Daniel Powter,140.046,Pop
1x80xTzSL7pok3M5JC3oJz,human,Christina Perri,143.808,Pop
5xEM5hIgJ1jjgcEBfpkt2F,Complicated,Avril Lavigne,77.987,Pop
6j7hih15xG2cdYwIJnQXsq,Not Over You,Gavin DeGraw,142.051,Pop
5b88tNINg4Q4nrRbrCXUmg,"Happy - From ""Despicable Me 2""",Pharrell Williams,160.019,Pop
28GUjBGqZVcAV4PHSYzkj2,So Good,B.o.B,85.51,Pop
3IJCSQoLF4YzPAKaxq2JLb,Yoga,Janelle Monáe,130.028,Pop
423RKXolCbgBbkF8WanOwA,Riptide,Vance Joy,101.654,Pop
0U969xYNlAyfzi8P1TaO7u,Wait for You,Elliott Yamin,116.027,Pop
6f3Kn4QtwZPU2IvwwDSbLF,La Da Dee,Cody Simpson,115.954,Pop
0Dw9z44gXhplDh5HCWZIxP,You Oughta Know,Alanis Morissette,105.32,Pop
0kr6d8wHDQPlzuET33NVn6,All You Wanted,Michelle Branch,96.103,Pop
6duMPgTahOTUu2zMMqcpQM,Tonight Belongs To U!,Jeremih,129.955,Pop
4wCD0qOFNRu1Q6O3N6ycm4,Crush,David Archuleta,162.084,Pop
5dNfHmqgr128gMY2tc5CeJ,Ignition - Remix,R. Kelly,133.024,Pop
6cv0maKXFbjZRmu3Oxb4jJ,We All Want The Same Thing,Rixton,116.991,Pop
3XG801WWhqC753dekEBkMt,Real Love,Mary J. Blige,95.013,Pop
73ucpKq91TuejrLHgzDNHK,Poison,Rita Ora,124.023,Pop
309Dvb1Z0fyiQpjgAcMCvm,Work,Iggy Azalea,140.02,Pop
2LXyM3mXlRPIJwqyIoFh6n,Whip My Hair,Willow,162.786,Pop
4yHFxB8kzzeuNvoouR8N0N,Damaged,Danity Kane,120.01,Pop
6wGwjE0XRjh1KDc3n9eVhr,Come And Get It,John Newman,109.024,Pop
6urCAbunOQI4bLhmGpX7iS,Don't Speak,No Doubt,76.078,Pop
0vvG0VEN6l2fbIEUtq3mQD,American Girl,Bonnie McKee,127.97,Pop
2KJnNfCzNIyBJl07Go0fV8,Time of Our Lives,Pitbull,124.043,Pop
1MO6jWRxOu1FMY3bVFVOfw,Kissin U,Miranda Cosgrove,110.012,Pop
69Zl2MdeQE8twZdiMXJXxZ,Ultimate,Lindsay Lohan,79.513,Pop
36q3z7dDGe54AaTl3tdyp3,Post To Be (feat. Chris Brown & Jhene Aiko),Omarion,97.458,Pop
0nruobjhKItGHfkH3VbTXy,Morning Sun,Robin Thicke,171.989,Pop
3v0uXfyMEZ1lGvBOv1Y4ar,Bring It All Back,S Club 7,108.114,Pop
6RB4Z9DwTWaVgyNg3dR9p9,Over It,Katharine McPhee,84.541,Pop
6cdslY3YKjh7pImxFhSBVG,Settle Down,Kimbra,93.994,Pop
4fK6E2UywZTJIa5kWnCD6x,Friday,Rebecca Black,112.004,Pop
5AdFiDqYP1E0OwXyUt9UGI,Waiting Outside The Lines,Greyson Chance,136.058,Pop
2MQnx4xwm8lTUaFLfOSUG1,Ghost Town,Adam Lambert,120.0,Pop
0yfcOmDBSaW1fGY1PHuwU3,Be Good To Me,Ashley Tisdale,97.994,Pop
3E3Wt98vDsBL652iQC8Ya9,Thug Cry,Tinashe,173.935,Pop
71V89tJj9CboDyzncO6ZN2,Stars Are Blind,Paris Hilton,102.014,Pop
2KaV5aMiGitcVrZTNGFvmj,Breathe In. Breathe Out.,Hilary Duff,102.045,Pop
6yrU8Dn9x8KcAftMIODkyP,Wanted,Jessie James,110.015,Pop
4IdTf8hNz1WRqnNhe8qx67,Windows Down,Big Time Rush,129.957,Pop
0MCgjd1Jtu1PRs62chiiC2,Brown Sugar (feat. Lil Wayne),Ray J,113.805,Pop
5aVCrbz2wVTA4OFxYd8ZGA,Infinity,Mariah Carey,134.696,Pop
42bTIo0JrZEY9LcY3ZhUCO,Walking On Air,Kerli,53.513,Pop
5KzHTHTjftb7QFh5GicRnO,Killa,Cherish,113.964,Pop
0BX5dmsZNBoZQsoWe1uVAK,Shrug,Christina Grimmie,83.02,Pop
0RNbgIjW5JYmNOiTb2Dd1Y,Drivin',Mr. Probz,80.021,Pop
4bnjq8zqtCnxTGxll5ezOO,Why Don't We Fall in Love,Amerie,90.003,Pop
51nhSIsg5G8hjhV4kja0Oz,Give It To Me Right,Melanie Fiona,116.334,Pop
4LSHMt2QBv0gX9u6amnYjT,Careless,Alex Winston,104.018,Pop
4eXPHUMhVBynyIRNZEn4G2,We Run This,Missy Elliott,109.588,Pop
0JzMgpbeD21v3yKYnSFA6Y,Body Talk,Foxes,119.9,Pop
6XouOjesNvehvH2JDdQINr,Applause,Lady Gaga,139.908,Pop
0YiYzuSET7RzVqywWlchwp,Dollhouse,Priscilla Renea,140.035,Pop
0K8zQwhQ7EBudIiSrjctGK,Too Close,Alex Clare,126.074,Pop
46aicChOlpCGTfTkqugprT,I Bet,Ciara,129.03,Pop
65YThnxDm8OZPT6vdSwqbT,Power,Kat Graham,161.722,Pop
7Hew8P4yKpYeuGmfS4OB4s,Up We Go,LIGHTS,170.02,Pop
4mkznSFnh1Dfgj66P77qmy,Golden (feat. Sia),Travie McCoy,82.003,Pop
3DgFwZ3cseNWVJ4kmXOrsG,Like Me,Girlicious,95.537,Pop
0617NHwA68qwVQeRq62ZMQ,Wannabe - Radio Edit,Spice Girls,110.043,Pop
3caSGRAL5Q3b4SVKNQKAGQ,What About Us,The Saturdays,124.036,Pop
1e8UgtXO0WPXrN5jSsFbaM,Ghosttown,Madonna,79.047,Pop
438GLukPRpTj8VbdzPImMg,Untouched,The Veronicas,176.97,Pop
4osyhAKfnSADr7f4kOLS86,I'm All About You,Aaron Carter,91.984,Pop
0I5AI60Ts1Z1xNNjDLtW8P,Louder,Charice,129.965,Pop
6L5udBtIPqieULPMac3wkh,Do I Have To Cry For You,Nick Carter,137.002,Pop
5fXLmjudhXWazjYca06RfK,Outta Here,Esmée Denters,125.733,Pop
2yNmuqMXfVpGcYlyGlZ4UR,Tangled Up In Me,Skye Sweetnam,188.058,Pop
2UHwue4HS2n8nEd4HKt4Q7,Impossible,Daniel Merriweather,120.009,Pop
2CumtfMx7Kp0b9SF0OA0Kp,Dough Boy,Lil Mama,97.526,Pop
0fmRgXq6UG5WXiciou6Bel,Push & Pull,Nikka Costa,136.586,Pop
53wEJmGov7ugX7VkBaQIzf,Forever,Nina Sky,129.956,Pop
13NQq5HBU7GF6E029nWGAj,Lost Without You,Delta Goodrem,146.306,Pop
1CHIhjz4MKZXzGk8Ncebib,I Will Return,Skylar Grey,124.872,Pop
7tssql2Nvlv5IlVmvl6i8k,Cry,Mandy Moore,86.736,Pop
0YWMSqimyJvbQUjumrW25f,Stripper Friends,Tila Tequila,101.005,Pop
6Vz7vzOpCwKeSQlfViibuY,Crazy,Seal,102.559,Pop
3uQi9psq8OzV1EFCxxosgZ,Two Weeks,FKA twigs,109.784,Pop
1Vj9qMR3U9zK8RFhQsy1hn,Rebel,Christina Milian,116.976,Pop
3XCezj8BPm1xGH3qS6SruW,The Boy Does Nothing,Alesha Dixon,174.015,Pop
4ujpqRj640owFFbCTTEyn2,F**k U Betta,Neon Hitch,129.989,Pop
3SBtXOpctmkh1jNLprHgbq,Evil Eyes,Róisín Murphy,108.052,Pop
0wVPsQNQ4tsjTTf2LIdOA7,Take My Breath Away,Emma Bunton,91.987,Pop
51fYFNFJnka41AdtKKoKMS,2x2,Mr Hudson & The Library,149.988,Pop
7iLpRNIwAxQ5YDrDrOP335,No Es Amor,The Obsessions,75.005,Pop
59tEgBEf6VchNlznuB89UH,Static,Colette Carr,131.995,Pop
2CGHvuEj1e7STMyAOLVEYI,Tell Me,Mel B,183.943,Pop
6yDcUcaox7XiqCqEhXGkyS,Graduation (Friends Forever),Vitamin C,80.004,Pop
0GHtzeuPWkkGWYAR7r34Wd,Conqueror,Estelle,130.0,Pop
534Y7955LGPw2cFYEpVt5B,Sweet Vendetta,Melody Thornton,99.521,Pop
2Mr1bGI2E10K7Mt1UJZ6Mw,Boom Boom,John Lee Hooker,158.531,Blues
3mtUR8aNUoMblqX49YzVF3,Life Is Beautiful,Keb' Mo',80.289,Blues
5A6NxpltFMv6jCsuA1qRHQ,Tuff Enuff,The Fabulous Thunderbirds,116.308,Blues
1iilSLhyTDanY7cCPwZ3tl,Keep Your Lamp Trimmed And Burning,Corey Harris,134.237,Blues
5YdYQZBFseAq1ZtBWMjINr,Back Door Man,Willie Dixon,109.889,Blues
63vUX4fixN873tbuAfUbaH,Lovin' in My Baby's Eyes,Taj Mahal,85.321,Blues
6wrxrAXzfm4LjYwjlfLxhz,Medicine,Tab Benoit,140.143,Blues
4OGyibX2nayDVCUfFN4u8x,Dengue Woman Blues,Jimmie Vaughan,180.075,Blues
51R3YhOIXXaCPcvdB9k21j,Blues Get Off My Shoulder,Robert Cray,114.021,Blues
3Wo5JfCuRFVvKESHHaIO4b,Gimme a Pigfoot and a Bottle of Beer - 2015 Remix,Bessie Smith,107.986,Blues
6JaSXJiwYH1PE0O6lFJJkR,Rock My Soul,Elvin Bishop,127.008,Blues
50ZHlDg707OUDn61nba1gy,"Baby, I'm In The Mood For You",Odetta,166.668,Blues
0xE6ug5pTCnRdWe2OKr6Q8,Hard Monkeys,Ten Years After,140.734,Blues
5QL1K4hPPO4mzbAhQmmC4g,Old Black Mattie,R.L. Burnside,166.293,Blues
1rzsZVmYQpHls4o0RFNGT8,Hey Joe,Roy Buchanan,124.799,Blues
06seDLtwax1URGUWMM1Tzb,Crossroads,"David ""Honeyboy"" Edwards",92.399,Blues
796cfIMtNALiqyBDJdgI9Y,My Baby's Gone,Robert Belfour,158.664,Blues
4Pn4iVGiCdsvE4d2RXYScG,Down In The Hole,John Campbell,102.392,Blues
6sp5hYOPP1Xs5d5DfufFMJ,Good Morning Judge,Furry Lewis,111.19,Blues
2SYVZ1KYb86oVQLQSy2Bmo,Crosseyed Cat,Magic Slim & The Teardrops,108.552,Blues
1RicnoNtyjrujzDEj8ui6E,I'm Insane,T-Model Ford,97.71,Blues
2xBzswAD3zvGACLbEv3wcl,Evil (Is Going On),John Hammond,66.242,Blues
02SD6aeNQIDYIGwu0Sz2Ad,Sorry You're Sick,Ted Hawkins,141.402,Blues
3gTtoddMomORWPJ5uTnRB5,Back Street Blues,Jimmy Dawkins,116.413,Blues
1oWlt7O00nEndJniJMVEL6,Crow Jane,Skip James,166.229,Blues
2R9FSH9RWe396G2lisztzk,Blues in My Soul,Lurrie Bell,158.278,Blues
0aBF6Zob3o2GthzPTuVplz,Walkin' Blues,The Paul Butterfield Blues Band,102.164,Blues
0aw1t76UKkQ7Nb9gHi2nQ6,Tin Pan Alley,Lucky Peterson,168.566,Blues
45EBDdD2QAHStYU8HzjAeq,Lonesome Stranger,Carey Bell,150.893,Blues
59K1uNydY6K2z1HEGBJ4WH,Sugar Babe,Mance Lipscomb,103.167,Blues
0R5620kxe8kr3a2TMzy8MZ,"Corrina, Corrina",Rising Sons,134.496,Blues
4Y3GLgNpl9WtGWOWLyJTgP,I'm A Man,Lazy Lester,122.993,Blues
3nNkb8PDceU4LAN1pvLwKV,Nobody Knows You When You're Down And Out,Alberta Hunter,129.438,Blues
4cjwT2ASyvpVKxwrtBhTer,San Francisco Bay Blues,Jesse Fuller,99.187,Blues
3ci5YOovEBS8KAdPJJq7Av,Ice Cream Man,John Brim,126.17,Blues
2wbJlszbq7SibXZetnujuS,Sitting On Top Of The World,Mississippi Sheiks,87.666,Blues
62Z2qkzuEnmgQA56d0fNMq,Let's Get Funky (Live) - remastered,Hound Dog Taylor,106.072,Blues
6kt5Y7ZHG73ZgZ8l7yW1KU,Mannish Boy,Muddy Waters,110.299,Blues
4O9BICuOb8p6nmJXEeekyp,Wang Dang Doodle,Koko Taylor,152.496,Blues
5UIB1LTdnVx9P7QsdqRYnR,One Monkey Don't Stop No Show,Big Maybelle,120.45,Blues
6V0oecVYRymtjTLUadpuzz,I'm so Glad Trouble Don't Last Always,Junior Kimbrough and the Soul Blues Boys,163.74,Blues
4qRlQTRWgSQiuhgzgDy9AL,Where Women Got Meat On Their Bones,Little Sonny,116.185,Blues
6yE1tkMLryYkJGIQMNRmLK,Both Ends Of The Road,Long John Hunter,109.733,Blues
3uzyvcO6xlNtjiZerMvjAd,Love Slipped In,Duke Robillard,120.808,Blues
3IHiCJwE3wcuvUPDeNqlDi,"Baby, What You Want Me To Do",Jimmy Reed,95.44,Blues
3PhtQh2jMmRmCAugKVrKS8,Worried Life,Asie Payton,109.908,Blues
1Te8fc63KuLyCRCWzgePMc,One Dime Blues,Etta Baker,112.654,Blues
6LVkOWzSpURhF6Uu1ppL0M,Hoochie Coochie Man,Siegel-Schwall,105.812,Blues
22cffTW6PF4HT04B38HyEw,Bad Boy,Eddie Taylor,69.848,Blues
5pHDoDb1IStu7ZdqHXA6w1,Stepped in What?,Johnnie Johnson,95.535,Blues
2BSNxsAu2ocf4TQ9Wt79yg,Crop Dustin',Steve Cropper,127.101,Blues
3nb5jmCQkArES1JxxvHHC2,I'm Gonna Cross The River Of Jordan Some O' These Days,Jaybird Coleman,97.269,Blues
7dkbWU5esiSMUcsJrFgrGO,That's What Love Will Make You Do,Little Milton,91.334,Blues
0GTPKNhka001BDlw3L9EDA,Born In Missouri,Magic Slim,96.463,Blues
0Y5FoVMbyvaRgKOx0SS04B,Rattlesnake Blues,Bob Brozman,126.984,Blues
6YS8NqY0D6ug2LzKA3Vcaw,Mannish Boy,Paul Butterfield,120.833,Blues
4uHjQU61NLb1iWEqF4yVZr,Standing in My Doorway Crying,Jessie Mae Hemphill,72.418,Blues
14nBr2q5D3776f2QuLtPt4,"Lucky, Lucky Man",Henry Gray,119.824,Blues
2mfuXUMxYgnJWxuIRr8Q06,I Just Got To Know,Sugar Blue,122.018,Blues
6yKTqCnwUtS8qfizdlPBev,Annie's Boogie,"Robert Lockwood, Jr.",89.197,Blues
3xw8pwZ0NNPBsLlXH16wNF,I'm Having A Ball,Johnny Young,117.952,Blues
4EWbNyNjDic1q94r980ZKz,Rock Me Mama,"Arthur ""Big Boy"" Crudup",74.437,Blues
0LOjghSRMzPkOMPE03KYyC,Leaving Here Walking,Jimmy Burns,131.309,Blues
2mLisuZ32lU88Jxq12EwBx,Cocaine Habit Blues,Memphis Jug Band,141.225,Blues
2od7yswLBlw6M4N2CIV02Z,Milk Cow Blues,Kokomo Arnold,200.207,Blues
0mjxb25v8xeooCXybAU3yo,Barbecue Blues,Barbecue Bob,91.404,Blues
3tkeRPVe2aKqsg1BKgPf8o,Jelly Roll Stroll,Jelly Roll Kings,111.455,Blues
5KEjx4mbiOJLdPX4OUb880,Crazy,A.King,139.854,Blues
074UzoKVlA3j169lnKHkto,Oreo Cookie Blues,Lonnie Mack,97.299,Blues
0XRl3ODCz5Ie71AjY94Hj7,If I Could Hear My Mother Pray Again,Brownie McGee,168.252,Blues
3VvaKiysOYVg1hnegdxBjW,Blues Before Sunrise,Scrapper Blackwell,84.552,Blues
0gYVF0pEWwtHHFlO3DNM8I,I Have To Paint My Face,Sam Chatman,91.939,Blues
1UaUn2ctAc29Ul8RMl1Mdi,Rising Son,Big Bill Morganfield,146.701,Blues
0fpDpF9k9GiKYtqp5kBIpx,I'm The Creeper,"Willie ""Big Eyes"" Smith",124.113,Blues
7i58tQqdm7wI2xG6VAC1Xs,Rain on My Mind,Joe Louis Walker,99.118,Blues
6sG8BLzcrOyr4LRywIsWPe,Down on Bended Knee,Johnny Copeland,109.657,Blues
3MlReZB08hiwxaKiRK9KbL,Catfish Blues,Big Jack Johnson,97.655,Blues
6TUktXavLDwDhBGfhAa2fp,I Feel So Good,J. B. Hutto,135.15,Blues
129qOaUXg4GOEJHvfr52Ii,Leave My Money Alone,Phillip Walker,110.877,Blues
4QMDrrfsSKX8tF4P2P3ZDp,Don't Take Advantage Of Me,Lonnie Brooks,105.254,Blues
38BZ6LWoo5uSpV9fAZUxmE,Two-Fisted Mama,Katie Webster,143.514,Blues
2FzjfkR9ym8HfjbksKuOs2,Kansas City,Pinetop Perkins,105.739,Blues
07hhp8n2uV8kllKiKCYqiY,Skin Tight,Eddie C. Campbell,111.284,Blues
1DHp5KEDgbODmKUjcXOjwK,2:19 Blues,Jo Ann Kelly,93.687,Blues
15HjL4ACpP3nz9EPvCIBc9,Lucky Pearl,Jerry McCain,134.465,Blues
1L4jgN9rD0gXDpN0OkWN5W,Dust My Broom,John Henry Barbee,133.17,Blues
34kcnvThdsj0bcvOvmGwaf,Last Chance,George Smith,183.325,Blues
3RJOx5EzGWCNasnW9o3rwI,"No, No Baby",Son Seals,93.422,Blues
4v9K8IwSTSIDcOoF7kXVb8,I Do Blues,Robert Wilkins,148.388,Blues
1SLRacmp4Zz2jbjedde3gy,Ridin' in My '74,Cedell Davis,180.446,Blues
5c7JmNTOb0TLgISrJ0yHhY,Whiskey Head Woman,Big Joe Williams,129.147,Blues
74vm0esX2GM1R3nLEfVE0E,Burn Your Bridges,Cephas & Wiggins,102.197,Blues
19I9citjINVcKd3fzVpKD9,Down in Mississippi,Terry Evans,135.096,Blues
2pcEc48URGJS5exfucpG0G,The Big Boat,Casey Bill Weldon,123.762,Blues
7iVk9MAqI3qQvTUAKojzZO,Depression Blues,Melvin Taylor,107.01,Blues
5GE7jG9TLOtUmPnCDPu2lN,That's All,"Eddie ""Cleanhead"" Vinson",139.053,Blues
0bNreIfbvuNKhMfGiOYhRK,Big Time Gambler,Eddy Clearwater,176.904,Blues
154acrWY7HuBJ7WXwqHx2m,I Got Something On You Baby,Smokey Wilson,108.586,Blues
2A3faAPQGPds6beXuH7Ab0,Shake Your Money Maker,Roosevelt Sykes,91.879,Blues
0C6AxwlkjlDRzfA4kNRXY2,Must Have Been the Devil,Otis Spann,128.3,Blues
02M6vucOvmRfMxTXDUwRXu,7/11,Beyoncé,136.024,R&B
0NTMtAO2BV4tnGvw9EgBVq,Bitch Better Have My Money,Rihanna,102.95,R&B
1KGi9sZVMeszgZOWivFpxs,No Scrubs,TLC,92.909,R&B
5y1VXHqmlOKSi6O2rZaYwV,It Won't Stop (feat. Chris Brown),Sevyn Streeter,120.025,R&B
5Y77SQxEr1eiofPeUTPHxM,You,Lloyd,130.422,R&B
3IJCSQoLF4YzPAKaxq2JLb,Yoga,Janelle Monáe,130.028,R&B
3B7i9OKRRmIsSBHEbJz58Y,Grind With Me,Pretty Ricky,136.518,R&B
4DDzkbIwmJVAAo1yJmr5V1,7 Days,Craig David,166.019,R&B
71EHOyEOhNx1SzTebRRyng,Weak,SWV,127.661,R&B
4G9Z4FZyAGHxveWj3sTNLx,You Changed Me,Jamie Foxx,137.96,R&B
3YfovjrAI1m5Y5kprgEXcm,The Worst,Jhene Aiko,93.341,R&B
1Dx8rIZaXzZPvUQRF2j9hB,Sweet Lady,Tyrese,66.024,R&B
5CdJveJgiGXoGwDFqF6afp,Freak Me,Silk,133.879,R&B
6duMPgTahOTUu2zMMqcpQM,Tonight Belongs To U!,Jeremih,129.955,R&B
0BTGqPIW9acmhhUmENkq5r,If You Love Me,Brownstone,95.137,R&B
2fE4MbwX3QGMzNaMjGVhtw,Say Yes,Floetry,117.887,R&B
18sytW2s53Of6NVudQyUlH,Breakin' My Heart (Pretty Brown Eyes),Mint Condition,137.17,R&B
5dNfHmqgr128gMY2tc5CeJ,Ignition - Remix,R. Kelly,133.024,R&B
3XG801WWhqC753dekEBkMt,Real Love,Mary J. Blige,95.013,R&B
3nFJbZCHP4d9vduKjJLdBL,Never Too Much,Luther Vandross,109.96,R&B
3tyUh8UpK0PVu00AjbP1UG,Brown Sugar,D'Angelo,83.077,R&B
6rvKqjSuVP02HzGiV4G4iq,All the Way Home,Tamar Braxton,107.99,R&B
0tNuJpBgtE65diL6Q8Q7fI,On & On,Erykah Badu,80.386,R&B
6Q13UWFUuqXLXT7IUVkqM1,Makin' Good Love,Avant,142.268,R&B
5zn1hpm9N0ylKB7kOtpCw2,No More (Baby I'ma Do Right),3LW,88.933,R&B
4yHFxB8kzzeuNvoouR8N0N,Damaged,Danity Kane,120.01,R&B
3NEzjZbeSCy72Kx1clSYgC,Wifey,Next,99.581,R&B
40haq0tCJnn3RBW4kG6xid,I Don't Mind,Usher,113.003,R&B
5u3rsmRYRSKJpFHXPT4p07,Every Little Thing I Do,Soul For Real,99.06,R&B
1CrWoWuxupYY1vi1XRdpBX,Something In My Heart,Michel'le,130.295,R&B
2CG9mGkKC6IQE5lEjDioEi,Just Kickin' It,Xscape,80.902,R&B
3uVE5vLKkigiWBOQEgmdDk,Who's That Girl?,Eve,96.431,R&B
36q3z7dDGe54AaTl3tdyp3,Post To Be (feat. Chris Brown & Jhene Aiko),Omarion,97.458,R&B
3ldG6XCLDXxWg1N6XhrSKo,Shy Guy,Diana King,94.074,R&B
12hexkGj2YwzDAEhoChgPH,No Sleeep,Janet Jackson,88.008,R&B
3R97rNX7JnmshCWBwOSFet,My Lovin' (You're Never Gonna Get It),En Vogue,98.055,R&B
5AIA8TpGhuilLpHbA6c1bq,Georgy Porgy (feat. Faith Evans),Eric Benét,96.285,R&B
5HzaibYfoRNQubqx7mB4J6,Late Nights & Early Mornings,Marsha Ambrosius,130.213,R&B
5k3sanOGourYTSWNvphUnz,Hit 'Em up Style (Oops!),Blu Cantrell,89.979,R&B
3TkNsftUBh8dwwLUHpmYNC,Find A Way,Dwele,97.993,R&B
04WoMMKQ3RPzfxba6IFhmo,Lose Control,Ledisi,120.095,R&B
3j0We4DdhFLgXbsap2rqoW,You're The One,Dondria,115.007,R&B
70d8omRI2p7qesFOiy55Ro,I Can Love You Like That,All-4-One,91.024,R&B
5TNspX9swzjDYuWlE9LzFe,All I Do,B5,125.964,R&B
14mYQm3y6GMmfylkL1DsFg,Put That Woman First,Jaheim,78.951,R&B
3LbKnvAXxKptTqoUYkMmQP,Cheers 2 U,Playa,127.075,R&B
4VcV0t8VN6AZcWTznJOUUN,Stroke You Up,Changing Faces,131.396,R&B
27VjWWCkPZ8OJkSUPxWjyi,Spend The Night,Dave Hollister,80.051,R&B
0IvVQO5Qt6ceyEdzVhfEoG,Temperature's Rising,Raheem DeVaughn,66.298,R&B
5bH5uk3A1Y9Aky75Akkdvg,No Matter What They Say,Lil' Kim,106.082,R&B
6CfVcsoLCzaJyOvecf8Pe6,Far Away,Kindred The Family Soul,82.952,R&B
3bceL3NJmM8sKwr5dyrKAz,Superwoman,Karyn White,138.335,R&B
0MCgjd1Jtu1PRs62chiiC2,Brown Sugar (feat. Lil Wayne),Ray J,113.805,R&B
3skgdbFodR9mO9HT8SQdSu,"Smoke, Drink, Break-Up",Mila J,128.033,R&B
5vBQDJcW2OeCg4IAgPATOF,Get Right Back To My Baby,Vivian Green,103.841,R&B
0ymLvEYKBKRlJbGwAZhOqg,I Like,Kut Klose,112.397,R&B
1I8SqBOR5G5UFR9BJfZYmu,The Things That You Do - Bad Boy Remix,Gina Thompson,91.99,R&B
5aVCrbz2wVTA4OFxYd8ZGA,Infinity,Mariah Carey,134.696,R&B
3la8PF7UyADjKlsO4G3jIM,My Favorite Part Of You,Charlie Wilson,104.963,R&B
76zrwGMdbtxwZwkRzWXa35,Feeling Good,Ms. Lauryn Hill,116.922,R&B
3SeOlSF3AMUL7FSF1i5QSv,Good Friend,Emily King,95.589,R&B
5KzHTHTjftb7QFh5GicRnO,Killa,Cherish,113.964,R&B
5cvMzT7kEvcxcdtcJz1vQY,After Party,Koffee Brown,105.481,R&B
4bnjq8zqtCnxTGxll5ezOO,Why Don't We Fall in Love,Amerie,90.003,R&B
7BgO6PE8f6mxtpXDE0OcoB,Whine Up,Kat Deluna,127.726,R&B
51nhSIsg5G8hjhV4kja0Oz,Give It To Me Right,Melanie Fiona,116.334,R&B
4eXPHUMhVBynyIRNZEn4G2,We Run This,Missy Elliott,109.588,R&B
01bZIp0vgbIsJj3Dm3FY5F,Every Moment,Jodeci,121.931,R&B
5eGVHJnc9iAPU1Dw8mxbut,4evermore,Anthony David,96.005,R&B
0YiYzuSET7RzVqywWlchwp,Dollhouse,Priscilla Renea,140.035,R&B
4vey3VC7ZROIESUu0kgiBc,Sorry 2004,Ruben Studdard,129.934,R&B
46aicChOlpCGTfTkqugprT,I Bet,Ciara,129.03,R&B
6Xo9osN1HErsEJoqwj4eDg,Get Me Home,Foxy Brown,96.056,R&B
1W4I3rG5XDyXatPt5CBco5,Do You,Pleasure P,117.987,R&B
2IoxtwbIDewjo4Pl0G5kCn,Touch Me Tease Me,Case,87.593,R&B
6qAAdFrQNKkN2yDJN9sR1I,Billie Jean,Dawn Richard,90.965,R&B
0dpTMKSJR0jEVjL9D2niGM,Video,India.Arie,169.998,R&B
0aboCRPk0eRezyckqz3F9D,On Sight (feat. Fetty Wap),Tiffany Evans,173.901,R&B
7LUUMtY2zbmaTbBsCReH5T,Tell Her Again,Sterling Simms,144.987,R&B
4NuGkjen5KwNala8byfEz1,Sex Therapy,Robin Thicke,112.032,R&B
0r4wz91MaRPgI3UtEuU7DF,It Never Rains (In Southern California),Tony! Toni! Toné!,79.858,R&B
3dANUrodXlpChxfIMYzwEK,I Hate That You Love Me,Diddy - Dirty Money,106.987,R&B
0fmRgXq6UG5WXiciou6Bel,Push & Pull,Nikka Costa,136.586,R&B
53wEJmGov7ugX7VkBaQIzf,Forever,Nina Sky,129.956,R&B
350jnoDfBuuK0m396Cfdv3,Westside,TQ,82.432,R&B
34cfSgVKIPgX5j4LNqLG5q,Sandwich And A Soda,Tamia,132.088,R&B
2LrvK045zLQyt4s9n1QSBA,Someone To Love You,Ruff Endz,77.928,R&B
5kOgeXUAKzfokU9sezp5nB,If I Was Your Girlfriend - Main,Nicole Wray,108.045,R&B
1C4caYZfXsdQFOYfPrQjfv,Bed,J. Holiday,127.898,R&B
3qc7nItDof521vIyCTZjRM,You Want This Party Started,Somethin' For The People,93.994,R&B
0FOcRa9p8MG8slMmRaygVz,A Change Is Gonna Come,Wayne Brady,176.005,R&B
3E1GMXWR1avrmSG8WOolo0,Pretty Is,Lyfe Jennings,97.445,R&B
1bpaT2EVKscV1xa2rQJpdD,Hollywood Dreams,Miguel,155.827,R&B
49DveNHafhen3jlP6tjMCN,Lullabye,Tynisha Keli,96.01,R&B
2LfSqms1puw8hjXiadzZXB,I Need A Girl (Part One) (feat. Usher & Loon),Diddy,178.617,R&B
22yMq2ttqIgKqNw0ICYxcn,Beautiful U R,Javier,92.924,R&B
5PpkM06fwKtmb0Y2YZHkTm,Margarita - Feat. Pharrell & Big Boi,Sleepy Brown,120.071,R&B
44fB6Xy0n5hNH7zE1zQqIn,Bounce,Fatty Koo,77.495,R&B
3rC0uzORZx15BkwoOjJ0ny,Your Portrait,Urban Mystic,127.851,R&B
4lXcZH8XpikWAVlVHr8iic,My Love,Syleena Johnson,82.452,R&B
4dGJf1SER1T6ooX46vwzRB,Chicken Fried,Zac Brown Band,169.864,Country
3pkzJjJXfdDjhpXx639MIH,Somewhere With You,Kenny Chesney,111.969,Country
0p1HtkrNYxv0iDfEKwXSTp,Sangria,Blake Shelton,115.984,Country
0M7mWKqwTIaVjYyxfZmtTa,"Courtesy Of The Red, White And Blue (The Angry American)",Toby Keith,111.937,Country
4kYlMWhSOvrg4U6c0RqgEP,We Went,Randy Houser,101.972,Country
4Si4sumzW5G0n9vRsGLC2X,Run Away With You,Big & Rich,147.922,Country
0r8iDf65NHgFgZOGLwj5r8,What Was I Thinkin',Dierks Bentley,164.857,Country
5NUvj4WX2tAQGxOF4CWJ7I,Real Life,Jake Owen,108.004,Country
55wMCY3DdygMCJTViwv4vQ,Tonight Looks Good on You,Jason Aldean,169.915,Country
4QAXLB2Hkx3n7LbOFxD34h,Drinking Class,Lee Brice,109.003,Country
10ps1I1sIMRNZW11eceN7W,Where I Come From,Montgomery Gentry,90.038,Country
5EYWGM3Ns3iYew8ws0FatB,This Kiss,Faith Hill,186.752,Country
4ZC8hXXqu2hPcDLw9QTdtQ,Smile,Uncle Kracker,141.056,Country
5FIp4LrsffxiHLhmmpCbCx,A Little Bit Stronger,Sara Evans,147.93,Country
15cGdiAHmezm0P04jVAjMo,Letters From Home,John Michael Montgomery,128.029,Country
1efJ9Kx8Gx5DEAcx2btuRA,It's All Going to Pot,Willie Nelson,165.944,Country
6s3dgEQgen7G85NtYUTEbD,Every Storm (Runs Out Of Rain),Gary Allan,107.004,Country
7rS87NoPWbAkVURdVFbGH9,Wave on Wave,Pat Green,103.662,Country
27BMLvWD1TYdosiReVgbAt,Best Days of Your Life,Kellie Pickler,127.946,Country
7itHyuODr4R7Fdz454zn3F,Daddy's Money,Ricochet,134.726,Country
5JWuz7zukN8z9JLNm29U5K,Have You Forgotten?,Darryl Worley,160.225,Country
0VeI4Zyirc6yuJ4P7fudjE,Where I'm From,Jason Michael Carroll,149.728,Country
7cE7GMOD72jpRFvo6xO4sm,The Blade,Ashley Monroe,77.993,Country
59xhPPrPcByXm5K5iXi2mC,If You Ever Get Lonely,Love and Theft,81.979,Country
5c15axZrDZtzqYsomtEwTz,Trashy Women,Confederate Railroad,142.553,Country
4VIDVd87GQcBSbofvDp8Pj,Bad Things,Jace Everett,131.006,Country
5v1bA7NmQcQHvH9IDkeeF4,I Don't Have To Be Me ('Til Monday) - Single Version,Steve Azar,168.999,Country
1NpcXmiVJpDsdaOEejWgTC,Every Little Thing,Carlene Carter,148.826,Country
1xsGrsVJwG9zel8pefzVeo,Break Down Here,Julie Roberts,126.103,Country
3CmrZAl6gdTRdXAmYxt2Y0,Drinkin',Holly Williams,75.684,Country
4UWDRNon2wbiqDsdkfUBGi,Holding Her and Loving You,Earl Thomas Conley,126.011,Country
2pey6ClOaWssXa4tVBGVJP,Wildflower,the JaneDear girls,125.944,Country
6yrU8Dn9x8KcAftMIODkyP,Wanted,Jessie James,110.015,Country
67X5RDoHPqXUfRo2eCqNVG,Drink More Beer,Rodney Carrington,118.048,Country
1QIYR4q1Pti9yLMG4Ef4rg,Living In A Moment,Ty Herndon,115.893,Country
3VffiMehjhfqo7XZ5zGpCP,Wink,Neal McCoy,117.644,Country
5lQxMlCMTzCj3j4vyzdl8T,Danny's Song,Anne Murray,144.687,Country
2shSwyk8jmYnfedaOvQpU4,How Do You Get That Lonely,Blaine Larsen,135.809,Country
6rIERMhmspO8jGLfmrFdY3,Simple Love,Alison Krauss,153.23,Country
5izad6fIsZp6Jrdfz2FRhM,Trouble,Gloriana,166.073,Country
544ucpaazW5uxznuwVM7Am,I Wanna Fall In Love,Lila McCann,112.499,Country
1mICUTQCbRkAvGmO0cwoAz,Blame It on Your Heart,Patty Loveless,149.522,Country
6aOdhGqD0xuFM0OauOedNl,Stealing Cinderella,Chuck Wicks,69.467,Country
60w5eL1G4Or7LlTSrR5r8a,Pickup Man,Joe Diffie,140.561,Country
1sknylypJQwx6LNgFomKT7,Roll All Night,Whitney Duncan,140.028,Country
1ipcb9qXpSHWhSUvdxJhsx,"Forever And Ever, Amen",Randy Travis,90.392,Country
3Hbm5luuxJheCKJheYAVbZ,Honky Tonk Man,Dwight Yoakam,144.184,Country
0USrUAgoPXNPUarORCZmQh,Thinking of You,Christian Kane,139.917,Country
5mrpWeULubsdBHpQVcXLqB,Keep On Lovin' You,Steel Magnolia,159.988,Country
2YhdP9Wq1yH2pshQ6sWnHo,What I Really Meant To Say,Cyndi Thomson,140.115,Country
7J9ARWRkMtXMYeF8RxJEjn,Don't Close Your Eyes,Keith Whitley,78.31,Country
3otZLoLcx2d74hx8RaHXh6,Killin' Time,Clint Black,121.294,Country
5Pgwi0iizu96RHxJ4xL3SH,Strawberry Wine,Deana Carter,122.632,Country
4avs56frsTcnjwy2KlCQ5D,What If She's An Angel,Tommy Shane Steiner,146.169,Country
08c3wmdjKSjxTJY9cHSts7,XXX's And OOO's (An American Girl),Trisha Yearwood,125.806,Country
5WXpUFc1oqWSj5LnmSjJjC,One Night Between Friends,Katie Armiger,159.912,Country
6IC6VhpV7D8T1t037Atqpu,Tequila Makes Her Clothes Fall Off,Joe Nichols,93.948,Country
56sAXFMfTagQGl5KOxvdxt,I Wanna Do It All,Terri Clark,132.837,Country
75FpVjNA288c6YUuAyOuwz,One Step Forward,The Desert Rose Band,135.397,Country
26bL4gSULWDgdIMX0pRFrG,Redneck Woman,Gretchen Wilson,185.069,Country
2CpnNgpSYSjwkyXAJqHSnP,Mama's Never Seen Those Eyes,The Forester Sisters,144.152,Country
0ypeFooOzBpxpVfVxxFS3t,Nothing,Paul Brandt,73.985,Country
3GlA7juCOaUXJ40RqSgp1R,This Land Is Your Land,Lee Greenwood,178.686,Country
1Ov6koHfZL43pGCDdfIoHf,Brother Jukebox,Mark Chesnutt,141.076,Country
3ExcxvkepzqXKkf8tfZlI8,Don't Ask Me How I Know,Bobby Pinson,83.98,Country
0QCwbcQegRzVSnybXCA6cZ,On The Road,Lee Roy Parnell,122.675,Country
50iMY1vxRo3GiVvReK9Hxf,Eighteen Wheels And A Dozen Roses,Kathy Mattea,139.27,Country
5TlCrdKQUkj7WpJLyw8O38,The South's Gonna Do It Again,The Charlie Daniels Band,164.426,Country
211hFa49P97JR6S3H8wQyH,You're In My Head,Brian McComas,135.036,Country
2Ml1RxVZcyADFsVW61dwSH,Not Enough Hours In The Night,Doug Supernaw,127.818,Country
5ZX3IrB9tPxOoBZdXILNpy,Little Good-Byes,SHeDAISY,83.582,Country
3qJxDJVX3cwLPe4vmXlYZl,Drivin' My Life Away,Eddie Rabbitt,169.918,Country
3b8NXEhtZG5XVZ1FOqL0pC,Two Dozen Roses,Shenandoah,121.341,Country
7irS1d9sepVtxIrGQKc0Vy,"Beer, Bait and Ammo",Kevin Fowler,112.018,Country
1rfGxSUijV4hqVVEWk9gEF,Different Breed,Carter's Chord,105.053,Country
4c6ePj7Bczoi9v0P2Pb0CL,Country Done Come To Town,John Rich,127.91,Country
24DXhcpfSV2EuvYJcBXWS0,Kiss an Angel Good Mornin',Charley Pride,131.665,Country
3h46lhKuN1XwIQoL7LmoXZ,Suntan City,Aaron Pritchett,120.059,Country
7606NOPiCXDaqYk1FIT18w,Ordinary Life,Chad Brock,125.057,Country
1WyuY4CsrtXHH5CCU5fNgK,Boy Like Me,Jessica Harp,115.979,Country
6SNeggqvsGIHx8tK33t3SG,Some Gave All,Billy Ray Cyrus,121.654,Country
4wJZuNgj1Ult2KBXDh53HY,Sittin' On Go,Bryan White,167.833,Country
4kpvClyGw0MNJfgpocxigU,Home,Rockie Lynne,129.983,Country
3wjD3Ufjll7UKrEDPdGuX3,Maybe It Was Memphis,Pam Tillis,73.656,Country
4jw3GAUjK2U8OCqoNBBqil,It's Only Make Believe,Conway Twitty,114.977,Country
2K9OxCyv7zHYKZETYcaouz,One More Day,Diamond Rio,131.057,Country
5kgX2sIGxDpqetN4TiwqXb,Go Live Your Life,Wade Hayes,153.895,Country
3wC0RwEMJPzk0e381SEzaS,Any Way The Wind Blows,Southern Pacific,144.556,Country
3Urf24HvKHwXIK1vGdeD4C,Bitter,Emily West,142.006,Country
48fP1MZoz3Lg2Ghd1rjvAe,Jimmy's Got A Girlfriend,The Wilkinsons,99.967,Country
2QI9T3ZIHriE90bgtdlUmn,Pick Me Up On Your Way Down,The Tractors,125.192,Country
4cLyMP9ZnDZkbNbr7Vihv8,Texas Plates,Kellie Coffey,138.961,Country
6j1SYdTSHYEGCoB5nK7CyX,Look At You Girl,Chris LeDoux,75.103,Country
7HJmRFUpnxBwRwNepBDWXm,The One In The Middle,Sarah Johns,140.068,Country
4YWwVwfVPsWnkUNPIxRmhA,Guitar Man,Jerry Reed,103.505,Country
0zfwY9c8RGR0Z32u1Ouu9C,Tempted,Marty Stuart,133.648,Country
5aQ1F3ICfhF9DwSAdCOLze,My Bowtie,Cowboy Troy,191.864,Country
6ClrbR6d3pyo3dSZWK1nbz,Life Turned Her That Way,Ricky Van Shelton,78.411,Country
3rgMcL5XUFlPxl4SK1l9YH,Life Happened,Tammy Cochran,139.571,Country
5Aox7iEZ842PRMww8fcCiz,Baby Don't Let Me Go,Rachel Proctor,116.994,Country
65H6t1WQBim6q93yM8fEwn,Obsesion,Aventura,133.676,Latin
7nDIflSHQXzaa8zupxwv3U,Yo No Se Manana,Luis Enrique,95.223,Latin
3xrpI0GqWNMjMDOdXUOnK3,Lo Aprendí de Ti - HA-ASH Primera Fila - Hecho Realidad [En Vivo],Ha*Ash,133.81,Latin
16OJaSoHprYI0EDgnNl3Dj,Si No Te Hubieras Ido,Marco Antonio Solís,95.03,Latin
2VLcpwzuZVSZQUCQDQRM8n,Me Duele Amarte,Reik,148.06,Latin
6kdCN6gTWLcLxmLXoUcwuI,Eres,Café Tacvba,149.974,Latin
2j5dy9SzXdQ71Y2jgtiFAJ,"Frío, Frío",Juan Luis Guerra,125.323,Latin
2KJnNfCzNIyBJl07Go0fV8,Time of Our Lives,Pitbull,124.043,Latin
1jlKdNbOA90rjnt88GJnwO,La Vuelta Al Mundo,Calle 13,124.974,Latin
7iKSx0WjzCgYYaM7o1R5CV,Todos Me Miran,Gloria Trevi,125.05,Latin
0w43hzUIIMeSzlCgCC41uX,Perdido En Tus Ojos,Don Omar,96.02,Latin
1OB7cLxxCWA8gbbfjFNNej,Hacer El Amor Con Otro,Alejandra Guzman,135.981,Latin
5zGUkWPODGQzPR0DooeRO2,Entre Mi Vida y la Tuya,Fonseca,198.029,Latin
3iHJm7dUroZYvbqrhobLZs,Siempre Me Quedará,Bebe,76.992,Latin
3hVaK0zn3sVWWY8TvN1Te5,Cuando Calienta El Sol,Luis Miguel,125.768,Latin
76VYYaRC2np6iUbD2Ze2lD,Disculpa los Malos Pensamientos,PXNDX,122.065,Latin
1pWzKqNEL3gLB31Ax7e4hf,Un Zombie A La Intemperie,Alejandro Sanz,83.861,Latin
0yS3WAbqrdjr8o3XseOqUK,Recuérdame - Nueva versión,Pablo Alborán,143.954,Latin
4UGv3IQYXPj9oR2RMkarWy,Te Quise Olvidar,MDO,143.195,Latin
0UcoGDfyRvyd9xr0168ym9,Amor Narcótico,ChiChi Peralta,111.876,Latin
5EL8hqM8YQJHKKnzGdahly,Dreaming Of You,Selena,82.899,Latin
2GJyBJWPmnM7pK961cB6iV,La promesa,Melendi,153.929,Latin
2hgzokI1dOZAxs5PUG0gBT,Tengo Tu Love,Sie7e,94.999,Latin
73mHMjEAnw4UgF1MkVVlR4,Hasta la Raíz,Natalia Lafourcade,153.015,Latin
4q88IbAn47f7GCQIFhbYkL,Por Besarte,LU,176.06,Latin
0mjwigpuvO4IAAMtoNoUyQ,Me equivoque,Maria Jose,135.961,Latin
0FXE0aS5IZnQYR56Vwiv4v,Morí,Tranzas,76.117,Latin
2S0XH9R1BVZhbcy7j9yQbx,"Te Quiero Tanto, Tanto",Onda Vaselina,76.982,Latin
3lJwIAfeWtnNRbJXWbIHKD,A quien tu decidiste amar,Sandoval,90.013,Latin
3nDNXKBb5fRTuQXpeowWTT,Algo Me Gusta De Ti,Wisin & Yandel,127.959,Latin
0vDEXNTX0qXVnI0hMp5m8u,Duele El Amor,Aleks Syntek,129.949,Latin
5nMaxJaGuy2AbPwzRtiI4G,Deseos: Rondando Tu Esquina / Nuestro Juramento,Charlie Zaa,124.104,Latin
0V5Gq7CgjkJZDv8oumHYJJ,Vivir Así Es Morir de Amor,Camilo Sesto,103.704,Latin
650ucbNGGPC8CZvA0Y0D2A,Malherido,Magneto,123.811,Latin
7DhYjNLksXZhbRQeheAums,Caraluna,Bacilos,102.789,Latin
1m9swo5q7yFc8SL8nAhATc,Amor Quédate,Jencarlos,173.883,Latin
111kCd06pQ4MPUbOGFdmPT,Bonito,Jarabe De Palo,116.384,Latin
4U0wBFXkq5pnMVAZdNKpRf,Todo Lo Que Sube Baja,Olga Tanon,123.943,Latin
5WeyQyCUJkqyY6m3KbBVOv,Uno Y Uno Igual A Tres,Jeremias,85.954,Latin
3tORVJDKoY6zLrskPvouaL,Sin Ti No Soy Nada,Amaral,122.109,Latin
02r3OWNv825qav8P7UKpES,Precisamente ahora,David DeMaría,140.24,Latin
2ddRXsKI5dGKSMRc0B6VrC,No Me Ensenaste,Thalía,134.897,Latin
2bUX1i2Vucp5W0zclHC1Qb,Inevitable,Dulce María,128.027,Latin
3xGon93gcCARQ4VgYgoirk,Sobreviviré,Monica Naranjo,132.082,Latin
3gKm2TjAkLUNpJC1WKOzjX,Alucinado,Yahir,150.001,Latin
6Fxn2ZdlXbKesbhxHbHa9p,Conciencia,Gilberto Santa Rosa,176.919,Latin
0WNpdz3qwGQTTUX42gSklX,Usted Se Me Llevo la Vida,Alexandre Pires,140.035,Latin
3LSRGvBWTdnUBJC32oBFnZ,Te Mentiría,Gian Marco,100.001,Latin
3IS5IWZuDJJdqBJ9XVqpbh,Tu Sonrisa,Elvis Crespo,128.896,Latin
6Pur3hWy6Nzc27ilmsp5HA,Lamento Boliviano,Los Enanitos Verdes,123.57,Latin
2o7We8msB5T5Ef36OccIIP,Lo Stadio,Tiziano Ferro,123.02,Latin
2JyaXNqa2y0RhAWWQXt2N3,Si Tu Te Vas - Live,Jennifer Peña,167.628,Latin
3t2SFg3w1rvRvKLLEVKAjQ,Rosa Pastel,Belanova,127.995,Latin
7lPnmMTN577dZ1tyvmlrhR,Por Amarte Así,Cristian Castro,128.942,Latin
0pZH7tq7n0xxiHKXhzcTHg,Solo A Tu Lado Quiero Vivir,Jyve V,83.056,Latin
5sI15j9phoTc7RLHNqLl7q,Seras El Aire,Sasha Sokol,149.954,Latin
0HPrqLcxbYbz2m4Kh4lsVH,Pudiste Ser Tu - (Versión Acústica),Iskander,136.349,Latin
3WDNKy17AbatmDeMwSjzbj,A Que No Le Cuentas,Ednita Nazario,111.739,Latin
4blGxRC6rFcwN9ZTrndytl,Azul,Cristian,127.995,Latin
6D3yX0b8McnqftOZbNGMwM,Te Amo,Franco De Vita,129.24,Latin
51ngvQuviwaKdKPRB2JTAK,Mi maximo,Nena Guzman,135.237,Latin
7BYNZB5N5ZgPk6rhsjvanH,Pa' Que No Me Puedas Olvidar,Voz Veis,91.525,Latin
56AP8GZI4KOhbgvx6D5ume,Ahora,Alberto Plaza,143.915,Latin
53IpyJOqUIcCzCUtMjP9oy,¿Y Todo Para Qué?,Intocable,102.833,Latin
4jhrsCoNiei37ankpBSMOt,En el buzón de tu corazón,Carlos Baute,138.001,Latin
0TIKTcvtKI26PNRvjyeHjP,Antes,Obie Bermudez,74.997,Latin
3uX7ooldC9lCyZ5gJ9Jbzi,Rezo,Carlos Ponce,147.836,Latin
3aNKaF1Z6YVIPbM9v6fxAM,Te Quiero Mucho - Remasterizado,Naty Botero,120.015,Latin
03q72XRQQWgAX1wgDnhGnD,La Cima Del Cielo,Ricardo Montaner,139.979,Latin
4plaA2BKVLMf4EOn6Fmu2Y,Cuando Me Siento Bien,Efecto Pasillo,98.971,Latin
7dxz6hsmYD8okSHo1qO45X,Duele el Amor,Ana Torroja,129.969,Latin
19eiGVXytQPbuGlICeXzXl,Mellow Yellow,Abraham Mateo,114.948,Latin
1hj6nYHeGclSY0VNTHMi27,Amante Bandido,Miguel Bosé,131.061,Latin
3oyoYEp0f4gTJrldtX1aXR,La Vida Que Va,Kabah,144.043,Latin
0o1dQBUBe8rCIboNhZMk1b,Prisionera (Version Balada),Pilar Montenegro,128.055,Latin
5zSZNMzHSS93bP6OvF9a4j,Vino Tinto,Estopa,184.752,Latin
1VDb3zmOfZAJ4az2bQCsQm,Están Ahí,Anahí,126.991,Latin
0zKaXfWKjJn49E71CXCiO8,Insoportablemente Bella,Emmanuel,100.224,Latin
13wxNpMn2IiWXGItV1bxo2,Hoy Será,Antonio Orozco,135.984,Latin
4p6n2gGk0gfEsn9z2VRqUb,Solo vivo para ti,JEANS,135.007,Latin
4fQgdmcUMqmlhhSjQdMHTE,"Mi error, mi fantasia",Edith Márquez,86.091,Latin
4qjiU26pbum4qPZs1bWdie,Nadie como tu,Francisco Céspedes,94.982,Latin
3nqZwUfi3H8IAAbK0coIo3,"Soy un Truhán, Soy un Señor",Julio Iglesias,98.801,Latin
6QFlmaL9SdZ8UpC0lWIkoe,Mi Libertad,Servando & Florentino,104.074,Latin
716Uf2dOjtq5kWZBApc3g1,Se Te Olvidó,Pablo Montero,94.046,Latin
3h02g9KVdnrqrVJATx64VG,Ayer,Black Guayaba,80.032,Latin
2FSYfKAApea3U42phhBOIc,Bye Bye,Vilma Palma E Vampiros,97.998,Latin
0zn6hQmEp1HUCwyDJwHZrB,Si no estas,El sueño de Morfeo,98.033,Latin
419FFiitGchOUaIMEY7Dqi,Asi Fue,Isabel Pantoja,110.002,Latin
5MRc5Bxu2yP8UTBtQPC2uu,Yo Necesito Más De Ti,Guillermo Davila,110.663,Latin
6GLgOoobxmHkP3IAe8rE8G,Celos,Daniela Romo,132.401,Latin
2C3whA7GaENAKR82S4PLpG,Corazón En La Maleta,Luis Fonsi,165.959,Latin
6GdkFFglmS0sRMohZhhXkI,Reste,Lynda,130.011,Latin
0cyyGOb1cM39jdNvJ2wQDS,Mio,Myriam Hernandez,68.185,Latin
1m0ccwQ1D1dnr4j1B607Nh,Cómo Quieres Que Te Quiera,Rosario,125.977,Latin
0XkN30TMwokbqdvMeZJL6E,Perdoname,Bustamante,130.148,Latin
451CpDIPCEe6C33BFGL3Kh,Ven Devorame Otra Vez,Azucar Moreno,103.046,Latin
44i5QsgyahukNd5QestT8c,Déjalos Que Hablen,La Secta AllStar,146.097,Latin
1jHOA9QFmRmVbjmPK8eB5U,Manto Estelar,Moenia,108.06,Latin
0amBxqyo0KiICynjQZP5lc,Va Cayendo una Lágrima,Los Iracundos,170.346,Latin
6YwLgicpvVuMt1eE2OldwQ,Five More Hours - Deorro x Chris Brown,Deorro,127.961,EDM
6YUTL4dYpB9xZO5qExPf05,Summer,Calvin Harris,127.949,EDM
5M9jOReAKGZ2AttVefFjTY,Don't Look Down,Martin Garrix,127.991,EDM
6VRhkROS2SZHGlp0pxndbJ,Bangarang (feat. Sirah),Skrillex,110.026,EDM
3ezkJgagRPZ39KCTrKcSI7,Ghosts 'n' Stuff,deadmau5,127.979,EDM
1fc12F23NDBAN1Y75GEc1v,Bass Cannon,Flux Pavilion,139.928,EDM
3e9iivPr1NZ0ivSGgTdvn4,Atmosphere,Kaskade,122.987,EDM
1u6LOWtdWA2wwa3CryIBsS,Another You,Armin van Buuren,127.979,EDM
27aftq9i01N0yVKZyimwlG,Crash 2.0 (Adventure Club vs Dallask),Adventure Club,127.977,EDM
5iI9bdhRUfc2ehGOyloYHf,You Know - Radio Edit,Zeds Dead,123.994,EDM
1Thv8uCYzyOFC7PME9J936,The Island - Pt. I (Dawn),Pendulum,126.018,EDM
4HEFKRGM0Z3c24PtBkUYtc,Disconnected,Pegboard Nerds,127.977,EDM
0u2AIKDVafHwCFQ9LDnqxH,Centipede,Knife Party,140.077,EDM
2ec6A7BVwscwirxa0gnWHj,Together - Radio Edit,CAZZETTE,124.959,EDM
6c1mJmFYe8WG8b213tVlw8,Body Dancing,Qulinez,128.005,EDM
4XymYQMoYQM7tvquz1ep9h,Cool,Alesso,128.01,EDM
1OMbBimNp16VKMIMgyBo1t,It's You - Radio Edit,Syn Cole,127.957,EDM
2Ldx9kUwqKt8GKaqPYGT6e,Imperium,Madeon,110.051,EDM
4XaoLzCWyTbs0oYPnU89oF,Don't Speak - Manila Killa Remix,The M Machine,104.993,EDM
7ev2lOXMdzyJ5qCXUnrRns,Can't Stop Playing (Makes Me High) - Oliver Heldens & Gregor Salto Vocal Mix Edit,DR. KUCHO!,125.003,EDM
1KDNPUw0FKMhr21qgMd6io,Universe - Radio Edit,Don Diablo,126.052,EDM
5fC2H9ZmpCiLfhWLbE0lDp,Thumbs Up,Kill The Noise,111.963,EDM
4TYCw5wIQcBVj1tAe9eWW1,Night Shine,Excision,140.066,EDM
3i5wmHjC2dHHtF8XNX7KWv,Eternity - Radio Edit,Tim Mason,126.021,EDM
6fQoomNZcRthXGJmR8JulG,Wake The Giant - Radio Edit,Tommy Trash,128.021,EDM
0i5AZhWp6DjoIbafmolfoB,Bruk Bruk (I Need Your Lovin),Dillon Francis,111.979,EDM
4Ywoccr8roq5xDtHQD1mQ8,ProtoVision,Kavinsky,109.927,EDM
5sfG4qZaUy76uQLofwLjxQ,We Came To Bang feat. Luciana - Radio Edit,3LAU,128.026,EDM
1rdZuTwPE8nPk3tLutaPxe,Outer Space (XXX) [feat. Kris Kiss],Laidback Luke,128.956,EDM
5TGYjfzQOKbuq9GqzkFLTW,On A Ragga Tip - Original Mix,My Digital Enemy,125.011,EDM
2kv5Z38j5V5p3sAiU6iI3h,Piano Hand,Chris Lake,126.014,EDM
2s0rKnUpqwetoQxXQfAB83,Invincible - Radio Edit,Firebeatz,128.062,EDM
52P5KaZHtX1tAjErCN8ReC,Flashback,Uppermost,122.051,EDM
6WaBSLUShG3BpQUpXr0CVR,Blessed - Avicii Mix,Tom Hangs,126.011,EDM
4m5tzX2tLQhNGDkaaF7G9a,Till It's Over,Tristam,110.032,EDM
0GclHr7syAMExjnGx4iulK,Take Me Home - Radio Edit,Thomas Gold,128.017,EDM
5Cz9OSlx0QqH0U2GZy245C,Cinematic - Radio Edit,Fedde Le Grand,127.989,EDM
3wJdnLxEJSHUVpCjxkBEmt,The One - Radio Edit,W&W,126.025,EDM
1fJqKixZpYmmuMoj54KtTs,Hey Ricky,NERVO,125.974,EDM
0u3mgItOdXE3MFhS73Uh3G,Ideekay,Ephixa,110.02,EDM
1y8QMxR3O00rnkN0FKeMtB,Catch You,Kill Paris,109.898,EDM
5h9YfLUVu8pfnK6qlGPsoN,Everything,An21,127.995,EDM
3wtyABOhn3BiXvDgsjSAtv,Ampersand,Stephen Walking,127.983,EDM
0AREyaNBYxR8sKI9PE0lQn,Zombie (Radio Edit) [feat. Luciana],Angger Dimas,128.101,EDM
4EmXnmrXlOIASfKGIProUE,Winner - Original Mix,Quintino,127.983,EDM
6CctvqkVhEMgPMWbXRSPnQ,Curiosity - Original Mix,Bingo Players,125.975,EDM
7AKEHgmBqr8VmXJ8HvFg68,Heart Weighs A Ton (feat. Stefan Storm) - Galantis vs. Alex Metric,Alex Metric,125.997,EDM
2YJAfHlcGJnSzmyGahHm3f,Broken - Radio Edit,DubVision,126.993,EDM
0bUc7RAs4X5IRzh2VAzbDh,You & Me,Max Vangeli,127.982,EDM
7v3zeokw2BGAlfEo4eAmHg,View from Above,Koan Sound,143.008,EDM
07ulYrNreBRl9g7JxFAuxR,I Like You [Mix Cut] - Original Mix,Lucky Date,127.983,EDM
3vfaGivcodZ2Uan3wSr0Jd,All Falls Down - Tritonal Edit,Jus Jack,127.993,EDM
26OsxlYCKZtBXml026EWy7,Pogo (Radio Edit),Ferry Corsten,132.002,EDM
1uUMKeWta1rCm4GMVmNPkn,Dust Eater,Blackburner,70.004,EDM
5ExWcwGJ4S710AHKVCwZbw,Monsters,Alvin Risk,128.052,EDM
6M5LuKD422REyyu5Qmn9It,Game Time,Zomboy,140.009,EDM
1AtqkI439ipTyfvZUT2kby,Milky Way Wars - Original Mix,James Egbert,139.99,EDM
4t1EfuVVbeyoiAr867YAwm,Devotion - Radio Mix,Erick Morillo,125.995,EDM
6lPkxIR2Zmva1zbH2zmhsg,Stabs,xKore,139.96,EDM
32tGdiLBiwJ48JIUHrcD57,Motor - Radio Edit,Jewelz,128.028,EDM
4q88A4e65KLrBgTLfgjeiF,Crank - Original Mix,Joe Ghost,129.99,EDM
2OSqdOMZ90SPQpkPZgJJUB,Never Makes You Weak (Summerburst)(feat. Daniel Gidlund)(Radio Edit),Darwin & Backwall,126.916,EDM
43LPO67de3LkdZrRs9axNq,On The Rocks,Lazy Jay,130.04,EDM
4I5WQJHbfWcxaG4pvAQ5dh,Glow (feat. Bnann),An21 & Max Vangeli,124.992,EDM
5PkQlIkv3VzfEi624l3BXc,The Way You Are - Original Mix,Peking Duk,124.964,EDM
5htqHXGLGxT6h6pVlKO9R0,The Downfall - Original Mix,Cold Blank,128.046,EDM
3GfxJ5dabm7vJ4k79gHSAQ,Time To Be Alone (feat. Sarah Mount) - Cobra Effect Remix,Gregori Klosman,128.009,EDM
1DkhwzJmOTMCXRVLZXkbee,Our Kingdom,Abel Ramos,126.001,EDM
3V349RB5L10bSOO1jrxORN,GO! [Mix Cut] - Original Mix,Eddie Halliwell,127.998,EDM
3OEr0N65NPGUd09uMAcvCp,Everyday Of My Life - Original Mix,Third Party,127.969,EDM
4cvUcYzpbIGzrjsa1OzR4r,LOV3 - Radio Edit,Swanky Tunes,128.037,EDM
09X8rrAzAMtYZtoUtQQcOb,Keep Us Together - Original Mix,Mara,127.993,EDM
1EmlDwFoBglxY140J15zbp,I Feel Fire - Shazer'K Remix,Chris Kaeser,127.978,EDM
0B4Z8eyDAbboMsaGVwujpv,Teed Off,Donald Glaude,132.011,EDM
0TiGs4wEwzMMHLasDMDqly,Instant Coffee,Fussy Boy,126.085,EDM
4gA8F2Vn6knVkR0HIENx6i,It's So Easy - Nari & Milani Remix,Gianluca Motta,127.984,EDM
04AYtz8RcprRITle8Hbppf,Change the Game (Original Mix),Sydney Blu,128.029,EDM
2hW6vgWXAjjjA0MbwhMv2T,Dragon - Radio Edit,Baggi Begovic,128.028,EDM
1rEFd2f0WTEasTLHYTBWzP,Standing,Silvio Ecomo,131.858,EDM
7dah5axksSR8o9HsPjtCOL,Dilemma,Kim Fai,128.006,EDM
5SwmRxcX273RARj0zRVEhw,Circles (Original Extended),Dave Aude,126.035,EDM
33lCLuDe01Erhq9Bvux7SM,Universe (David Tort Remix) [feat. Quilla],Feenixpawl feat. Quilla,128.011,EDM
1k1jaVotTfYmhC9YA2YKOF,Invincible - Remix By D.O.N.S.,Greg Cerrone,128.013,EDM
171VoBef0N3hGbg1pO4B7i,Countdown - Original Mix,Sidney Samson,127.988,EDM
2At6Ivabkfq4OeoVUPhofs,5 Seconds - MG 2015 Remix,Maurizio Gubellini,127.022,EDM
3yrSvpt2l1xhsV9Em88Pul,Brown Eyed Girl,Van Morrison,150.572,Folk
3LcYYV9ozePfgYYmXv0P3r,Fire And Rain,James Taylor,75.763,Folk
4siFdX3QLfjtzg1HHgCPW7,Wonderwall,Ryan Adams,157.045,Folk
3Kj2EWpIBnvETsYq4cq0IH,Big Black Car,Gregory Alan Isakov,110.029,Folk
3YRuaH30UgvvjeaeKpBy4A,Love No Less Worthy,J. Tillman,136.308,Folk
5fgkjhICZnqFctrV0AyuQD,Walking In Memphis,Marc Cohn,130.269,Folk
6UkMcAA19lTdjs22jtB7o2,Big Yellow Taxi,Joni Mitchell,85.527,Folk
0l5TOyEd5RswsWnqOaOX0X,Night Still Comes,Neko Case,118.527,Folk
69uJi5QsBtqlYkGURTBli8,I Can't Make You Love Me,Bonnie Raitt,124.689,Folk
1b0QKU3QxqpWDsrdvTuvpM,Something More Than Free,Jason Isbell,148.41,Folk
19hGvBtydoOBAa9ay84uFz,Lone Pine Hill,Justin Townes Earle,80.161,Folk
6ZSTinOwx5dKFYc6iYyGDn,Leaving On A Jet Plane,"Peter, Paul and Mary",133.45,Folk
1YYhDizHx7PnDhAhko6cDS,"Take Me Home, Country Roads - Remastered",John Denver,82.259,Folk
2obblQ6tcePeOEVJV6nEGD,Cat's In The Cradle,Harry Chapin,76.913,Folk
23DZLSxCK6kM8FF2RlzKDl,You're No Good,Linda Ronstadt,104.812,Folk
2jG8qg7KDYWKm9smYCXz1i,Copper Canteen,James McMurtry,163.7,Folk
0P6TTXbSLGrSoTNMz5kvB7,The City of New Orleans,Arlo Guthrie,145.863,Folk
2qWKpYIleSvBT6aUMXoia5,Angel From Montgomery,John Prine,131.653,Folk
28s5iRbX62GZG2ReZTLKDa,Better Days,Graham Nash,128.022,Folk
5qR1SqsR0qannHqqpRoiwl,Lake Song,The Decemberists,93.869,Folk
264bH2jUIFmlclwJfpmEk9,A Heart Arcane,Horse Feathers,116.854,Folk
2bbmdWor8U0QVHxLiwo4SP,Clay Pigeons,Blaze Foley,81.0,Folk
503cSxRQIR5PA7RYgfIbu7,Keep Me In Your Heart,Warren Zevon,89.051,Folk
50NxwJPlcjsT7IqFshyuYP,Johnny law,William Elliott Whitmore,107.753,Folk
3NNkJwiHucP5QyUEAIMXra,Love The One You're With,Stephen Stills,97.279,Folk
6jx8L9ng94zKcw4xbbQFjC,The Way It Goes,Gillian Welch,97.371,Folk
4PvPkRcbnO4s67MPnij3sh,Deep River Blues,Doc Watson,93.719,Folk
6scUEism6pBnY0IXYr8fw3,The Swimming Song,Loudon Wainwright III,92.521,Folk
3bRcSxW2FnSSwrzoYT1knV,At Seventeen,Janis Ian,125.388,Folk
3oLKEO5NCdf2Zi3mBzKaAs,Diamonds And Rust,Joan Baez,130.188,Folk
3DcOHXhZDqgXfSbRhwpacD,Carmensita,Devendra Banhart,124.658,Folk
5DR0rzOMao8PN8TqJuYw08,While You Were Sleeping,Elvis Perkins,77.576,Folk
0O87QQVWgCkkXAfrhsal55,Music Is Love,David Crosby,89.875,Folk
3n1t19JBWB7iz5D1RLfCLV,Bugs,O'Death,82.02,Folk
1DKWq9hCkQDUwyJJizQVXR,Garden,Sean Hayes,91.255,Folk
28EK7qsobexG3NJRrTE4tc,Are You Alright?,Lucinda Williams,119.173,Folk
0OMA1sAHJvRHnBdBLdyOf5,Over the Red Cedar,Charlie Parr,144.552,Folk
4cpvg2OnkNmMH2vPOAcYHQ,My Old Friend,Sam Amidon,111.011,Folk
2GHAeoONmKwECBbtxTUqj5,California Stars,Wilco,110.307,Folk
4PEQvt9g7l8MmNVh4tb7Hh,Lover Is Childlike,The Low Anthem,123.935,Folk
5uhULfoDgTvz7BeWlqrV4a,Poetry Man,Phoebe Snow,131.82,Folk
3Z7mFVDy2izZNCvUWGy13Z,Chuck E's In Love,Rickie Lee Jones,113.218,Folk
5FSpo8M6XGtfR5aciEns8H,Our Town,Iris DeMent,116.339,Folk
4eBvIlQ3EhaP2b8At53Woo,California Zephyr,Jay Farrar,78.487,Folk
23EgnmfkdOsDK96ftbVv0Q,Have A Little Faith In Me,John Hiatt,156.404,Folk
0HFu4LUT4kKxwIPFnS7UGz,L.A. Freeway,Guy Clark,124.236,Folk
5jVFYV549ynTX0NPkMlrDN,Life's Greatest Fool,Gene Clark,128.414,Folk
2aCqeD8sJNjZ28qdhKLRdl,Jerusalem,Dan Bern,111.21,Folk
5y3TxkiIkzVWoLoFSuUjZn,Tonight We Ride,Tom Russell,109.665,Folk
7GrpcaiW2YyqUH3n1F6Q6s,Everybody's Talkin',Fred Neil,120.112,Folk
45U9iW6d22aHfMzoF5ZpjJ,Tightrope of Love,Chatham County Line,97.038,Folk
0duHbgFBsmdaV9CJLpiXCa,Windfall,Son Volt,133.618,Folk
6JaXPOG6EAgADT70upQaRO,Zombieland,T Bone Burnett,131.323,Folk
5QeraKy7qMJI2EpEjGXhIG,Across The Great Divide,Nanci Griffith,77.273,Folk
2zuCel4NqWnLH28iUQemw1,Old Fashioned Morphine,Jolie Holland,115.694,Folk
57ct8jKi6trntXiRV0NnXi,If You Could Read My Mind,Gordon Lightfoot,122.631,Folk
4d8862FZhgJVYxi8lshGY0,Wild World,Cat Stevens,151.948,Folk
5vANqX5Px407WvmihyQ8gk,Sweedeedee,Michael Hurley,79.222,Folk
2GU0LVGSrNLe9dWrWnSbvI,New Young,Josh Rouse,152.277,Folk
1LK24PNWQ9HQWwI71S4QIV,False Hearted Lover Blues,Levon Helm,105.013,Folk
3L1IyBTVYQkVzp6ZOZj1OP,The Night Before,Lee Hazlewood,96.768,Folk
3aFMz2anc9vurZw6bPunI6,16 Days,Whiskeytown,127.591,Folk
2qzEPNAq6igUPekfIdlb5p,God Only Knows,Joe Henry,67.179,Folk
0YA6BYi1Fwv58UfX3M1z7f,Jesus Was A Cross Maker,Judee Sill,101.069,Folk
50ZHlDg707OUDn61nba1gy,"Baby, I'm In The Mood For You",Odetta,166.668,Folk
2m5ItG3IIMsaGYJjZOvUoE,Question,Old 97's,80.129,Folk
1qAEz8tqxgqmZpyFxf3VuH,Metropol 47,Mark Kozelek,124.444,Folk
28meJ4xdo1GBva5cV7SLIP,'cept You & Me Babe,Greg Brown,103.065,Folk
1EfWxxlaLLiwnLS3ABr8vu,Phantasmagoria in Two,Tim Buckley,84.486,Folk
0NjheqlAs3sqrr0LbnuJMW,No Depression,Uncle Tupelo,114.396,Folk
5oAPckVR2rJs0QV1tJ011Y,Dark Autumn Hour,Frontier Ruckus,144.339,Folk
7CQXyFX44CXmnuq8Bi9Dyc,Get Together,The Youngbloods,103.064,Folk
56ilrbKJF2bph5W6eZaM5E,Longer,Dan Fogelberg,158.399,Folk
0k5M5HOsekGYn7GKVUfBGc,Step By Step,Jesse Winchester,171.682,Folk
7fTbHhQtospiVmn1ZZ4TXW,City of New Orleans,Steve Goodman,88.825,Folk
4CU12XlsLtabZkpXAiSlpi,No Not Me,Pieta Brown,78.748,Folk
4j0uQDbJZJvnJV3r34SFKl,Statistician's Blues,Todd Snider,88.201,Folk
3BmKrqE8hPwa9LShBEXqhS,Bad Reputation - Live,Freedy Johnston,107.892,Folk
6Mnne5V9ZifNID59dswUcZ,Love And Affection,Joan Armatrading,93.778,Folk
6LR0DieS85dLgD4Qap066o,Time To Get A Gun,Fred Eaglesmith,154.694,Folk
4Y20xkfnxwdOqOYdZoV0Ym,Complainte Pour Ste Catherine,Kate & Anna McGarrigle,102.811,Folk
1NTlofVf29qbhhdpxva0id,Where Have All the Flowers Gone?,Pete Seeger,134.367,Folk
4pS48OfVUUvZQxTin2LRRu,Trust Somebody,Jackie Greene,133.859,Folk
0efuxQyBz5iFZOOks74JXE,Inventory,Richmond Fontaine,96.266,Folk
3yD1YYK4IHCqt5GQgA4o2t,You R Loved,Victoria Williams,148.291,Folk
7IUhDg4fN7RNOItvKeAWX2,Don't Lie,Tim Easton,180.631,Folk
3DXMT8r1dVnXMWXHur0kBB,South of the South,David Dondero,67.273,Folk
6lGmKc3sNITRFVmtp2xvEx,The Traveling Kind,Emmylou Harris,168.981,Folk
2oThYJuqDBqaKRSliE3lC6,Chinaberry Tree,Vic Chesnutt,124.826,Folk
1LAJO8EgFqTdDnmrMGUzdB,San Francisco Mabel Joy,Mickey Newbury,99.406,Folk
3WscFXufBinmN1mfXLDQXE,I'm Changing My Name To Chrysler,Arlo Guthrie / Pete Seeger,107.156,Folk
1J8NfHNTHXh8Wkwku9g0ud,What Have They Done to the Rain?,Malvina Reynolds,78.379,Folk
4wz4Ro7w3x2c3xw6AIcGPT,Sweet Spot,Tift Merritt,112.956,Folk
5yepsFaCtmQAF0bZDVzQMx,Are You Happy Now?,Richard Shindell,83.144,Folk
7J2MwdhyOkR98UXzm0cKKF,Serpentine,Chris Bathgate,116.001,Folk
2B1Ex9UDOq0E8cedSiRwgV,They Call Me Hank,Greg Trooper,86.467,Folk
6w6XUquLQA1D6qFly1gcCQ,The Nest,Jimmie Spheeris,117.109,Folk
3yZg0v3kvETz1RsEy2dQGO,We,Shawn Phillips,97.937,Folk
1Skk3Dh9LGGlRgKpRfs4UL,Bad,Luka Bloom,105.588,Folk
7fe1Wl3YLZXDeI07YRyd00,Hesitation Blues,Holy Modal Rounders,102.773,Folk
1znGxpojJSjxZZEWA5zWva,Still Counting,Volbeat,103.891,Metal
0XIvZ82aDF7JiSi3ZE320u,Rock You Like A Hurricane,Scorpions,125.619,Metal
2SgbR6ttzoNlCRGQOKjrop,Cowboys From Hell,Pantera,114.816,Metal
2WeSz9FLWE9RRIFDWtD5nc,The Trooper,Iron Maiden,162.307,Metal
2PoIKrT2WSEvJlJjlO6eKY,Is This Love,Whitesnake,180.29,Metal
5XcZRgJv3zMhTqCyESjQrF,Poison,Alice Cooper,118.668,Metal
5CPXR6lDTvngxtmMZxnWmC,Pull Me Under,Dream Theater,102.199,Metal
1yYr4D1KjhhyDD5bZIiFQy,In Waves,Trivium,152.0,Metal
0GyJA0Yn0CcqvHKzeKaVhw,Fire Woman,The Cult,132.007,Metal
1t7VssS676p12e1GKx2Rgr,Awaken,Metalocalypse: Dethklok,95.001,Metal
21WIpZXepY9HA7NDwYiNaM,Clouds Over California,DevilDriver,175.069,Metal
7ExrWyU6vfeRaAXpjmRwgw,Gateways,Dimmu Borgir,165.144,Metal
2dU4FegjbgW5qkdrUdzogT,All We Are,Warlock,131.337,Metal
7FbbCW8dAY78W1IZwzEWdb,The Ninth Wave,Blind Guardian,119.039,Metal
5IO423fjmlTPPpZCtV6rhe,Now We Die,Machine Head,150.072,Metal
0YsugU0fORmrH2fNBvq4UD,This Horrifying Force (The Desire To Kill),Skeletonwitch,167.423,Metal
1e7BPslQ7QaH50dWAId3tb,Delivering the Black,Primal Fear,199.942,Metal
3sswspym5LLTgZTOS6FIsq,Cum On Feel The Noize,Quiet Riot,144.956,Metal
2ZZo65CEkA83Q662zNebIP,Stand Up and Fight,Turisas,164.938,Metal
76jaUC95i1VXRmgVHY9Lh3,The Clarion Call,Falconer,173.549,Metal
2OO5518qOl3v44JZl0KEpC,Evil,Mercyful Fate,134.024,Metal
6lWFQo5NuR3y8Q6CHIRatA,Elimination,Overkill,112.766,Metal
52mxPsGKbfyElOA0FCtc0l,Deadly Sinners,3 Inches Of Blood,97.0,Metal
5HkvAtKEPDLmchWYmepqYB,Hail And Kill,Manowar,93.156,Metal
34LXW73avo8xz0NLiVuiow,Metal Church,Metal Church,102.331,Metal
2hnaHVvIBYqgfsoW4bZm8u,Emerald,Thin Lizzy,179.641,Metal
4fjWStUaP7aXdT0d3YxvPo,Caught In A Mosh,Anthrax,106.532,Metal
3naTFyzCzSGlfECdLk09eE,Stone of the Seven Suns,SuidAkrA,99.968,Metal
4mJmi9z3o1B6k2vry39Ufh,Heavy Metal Never Dies,Iron Savior,137.949,Metal
2HxdTs17Szf8rmtJAcIjh9,Ravenlord,Mystic Prophecy,84.933,Metal
4A8B8sZwjKH0bjveX5Z6QV,Do You Wanna Start a War,Fozzy,93.001,Metal
0hGeFT1lAyGIoUY7goNyQc,Terminus (Where Death is Most Alive),Dark Tranquillity,110.03,Metal
4xmRyCQburNQSWavcgvliH,Don't Tell Me What to Dream,God Forbid,162.619,Metal
09jtIFItoNKnC86zlzBZ29,Eat The Rich,Krokus,143.664,Metal
09OnB8xeghs8FRnu4dJKmU,Still Alive,Nocturnal Rites,169.943,Metal
726h0Vj3qmYEDRvn9YCVez,Eraser,Hypocrisy,100.01,Metal
41DPdRpN14Xv8khpafNZmg,Nuke The Cross,Toxic Holocaust,99.29,Metal
21whloemotjEi7Uy7wV51E,Bored,Death Angel,147.117,Metal
2uEmYkhrFnrEtBtoyUBpx6,Blood On My Hands,Demons & Wizards,96.063,Metal
5loUlW1w9F4kdP3c9pYRqb,Resurrection,Halford,101.99,Metal
1G1DZ3MwfAmKf4BS8Y3kJq,Multiple Truths,Melechesh,94.997,Metal
1ZgNrZlg2QBhzR7SNhEbZc,Anotherdrinkingsong,Skyclad,132.352,Metal
05D32GKHw2tVwzjXyOPd3E,Rude Awakening,Prong,134.82,Metal
5oJLYixfGPZz39zvmS6DlR,Albatross,Corrosion Of Conformity,135.128,Metal
2v9855tCBy97Qp4BmMZscS,Future World,Pretty Maids,111.364,Metal
6RdycZ52UNkWC0gDo00TIF,Open Coffin Orgy,Six Feet Under,132.242,Metal
3Lao9WQ5YkN6P9YKE0ppVX,Desecrator,Exhorder,134.07,Metal
5iaay02hwJLw9D6QksFt3S,Queen of the Masquerade,Crimson Glory,174.333,Metal
7eep4uQ9mz4Z6WKRiB4aVq,Go Back to Hell,U.D.O.,185.041,Metal
1xbIEeTXgTNLIe5r5Cit4b,Pain Inside,Obituary,89.464,Metal
5ECUUUkY40nDKknE1yoerU,Massacra,Hellhammer,175.831,Metal
1ZtUOEPjPpyYwYUb4VJlFE,Mad Butcher,Destruction,96.49,Metal
2vPrQslUr412s79OUVNvn9,66'fucking'6,Onslaught,168.094,Metal
30UlWoHbHzsPgOlwaioqZt,Money Talks,Cryptic Slaughter,171.083,Metal
6LOaupcJQxbYkiglqZOPw5,Dreaming In Red,Dismember,113.201,Metal
5DAzDUlLU5UInofMu98HA8,Light Comes Out Of Black,Rob Halford,135.838,Metal
2JJE94qZrOtMCpLsEIBkGS,Institutionalized,Suicidal Tendencies,107.922,Metal
16OQI4xDeHq8kEXhethtG5,The Unknown Knows,Voivod,136.755,Metal
2nDoFvfJXvdfElDcfI2wbw,We Drink Your Blood,Powerwolf,115.757,Metal
3KmCPFQEZsi8TyHEn0B19P,Heaven Or Hell,Gamma Ray,92.992,Metal
4L0Xc1wKbQxLPbL3vXQWdi,Hey Dude,Beatallica,148.692,Metal
3t1sjOU116oW8RatHLobnq,Heavy Metal Mania,The Holocaust,143.947,Metal
0VIFbJrug2fN9QahZGqQvk,Slaughterhouse,Powermad,167.398,Metal
2Np55ATaQG78YnldTdGYuk,Expect The Unexpected,Control Denied,80.511,Metal
1eAA9KDOIcKwtb3smUnC3E,I Am Immortal,Mortal Sin,107.41,Metal
3wEK0gVKWDkQfhQXCx0sIf,Souls of Black,Testament,144.86,Metal
41JApD9CUUrinDMRbBbzHO,Steel Avenger,Metalium,149.82,Metal
2wURETE2Z6UwmljCMyEgtY,"Total War, Winter War",Impaled Nazarene,124.823,Metal
3DNrF2W89OQ433FwJTSoeh,Of Sins and Shadows,Symphony X,92.083,Metal
5RuERtN9lXh26bncououTM,Eaten,Bloodbath,75.589,Metal
2ebL4fuIYoeordRz1tvUFp,Kill The King,Heathen,131.722,Metal
24CqoI1ctMszYYbET27I7X,Gangland,Tygers Of Pan Tang,107.985,Metal
45XVaJEPRkTe0SlPgr73qn,Phantasm,Possessed,169.193,Metal
5prkap4ESmovSuxNpNVtW6,Behind Bars,Razor,113.464,Metal
3oKCb2mbKw5zkg6ycAT56t,Undead,Sadus,150.673,Metal
6II9u0lESNxHEfOZpop7au,Out On The Tiles,Toxik,101.162,Metal
4C0HnYY4fAbWTyXzC1ySy8,Don't Believe,Artillery,84.714,Metal
549OklVaFgT46MaCHnqOkk,The Death Heritage,Graveworm,200.068,Metal
2AlkCFq6gW0LrVISWRZx2b,Don't Wait For Me,Vicious Rumors,188.824,Metal
5AqsTxDgXS9o3UoQhigPpY,Wizard of Gore,Rigor Mortis,106.409,Metal
3r1uYVry9UTvD0ZcyDG29n,Unstoppable Force,Agent Steel,87.727,Metal
3V3hOjYzWBV2yW9AbsLldg,Mayday In Kiev,Watchtower,114.01,Metal
06BVMlK1ShMzXJgiHNVoHC,Riding With The Angels,Samson,172.703,Metal
0dndep8EDBBJPUmMOoueNq,Intromental,Warmen,143.991,Metal
56n0AmRknAjjrza3QZSqEE,Ace of Spades,Motörhead,140.082,Metal
66dyyaqnV88xbIXjAW8xJm,Love Destruction,Warrior Soul,95.523,Metal
3MJcTK6RsVzxUmQlTnwjiX,Free Country,Witchfinder General,173.915,Metal
0eQEcxDu3jD1WLkGdJd64M,Killing Machine,Wolfsbane,155.051,Metal
3FTuYdrsvMJwXSl35diwne,Enter Chaos,Edge Of Sanity,108.323,Metal
6TxKYaq0SP4Fn5C5QKoXz5,The American Way,Sacred Reich,146.858,Metal
5W3be4KMFlJp5D0vDnhFEs,Like Hell,LOUDNESS,167.933,Metal
767urr0KHYlg1zeKQEw6Oz,Defenders of Midgard,Unleashed,97.328,Metal
5JNUARAa2LImgD58MhH5Lq,Once Upon The Cross,Deicide,184.43,Metal
50lhHBZtsYvP11Nr5uVmKR,New Orleans,Gillan,100.996,Metal
4tigLtAFYMgEagyI7Fpoj3,Watching in Silence,Circle II Circle,173.595,Metal
0GyF6kUzhRhjyDuqaMjQR9,War Eternal,Arch Enemy,155.045,Metal
6RQhVkUNOWyFcdPPANrhTQ,Plastic Planet,G/Z/R,104.895,Metal
08icmuwZXataYLTEmK77Sz,Maleficium,Morgana Lefay,169.892,Metal
2SBZJDMe7pfbWRZqpTTg8z,Starting Over,"Tim ""Ripper"" Owens",90.989,Metal
5aSg88GwjmwrQWSmDehtVJ,Rise,Icarus Witch,120.4,Metal
